[0. 0. 1. 0. 0. 0. 0. 0. 0.]	"[0.077  0.0748 0.0737 0.0575 0.133  0.3854 0.6058 0.1217 0.1225 0.0534
 0.0781 0.0759 0.0781 0.0656 0.0888 0.0675 0.3268 0.1176 0.1217 0.077
 0.0675 0.0637 0.1097 0.1009 0.0489]"	0
[0. 0. 1. 0. 0. 0. 0. 0. 0.]	"[0.0914 0.0839 0.1009 0.5694 0.1234 0.1082 0.3285 0.1385 0.148  0.0716
 0.1009 0.0575 0.0804 0.0518 0.0901 0.0995 0.0901 0.1357 0.0901 0.077
 0.0726 0.0656 0.0851 0.1023 0.0628]"	1
[0. 0. 0. 0. 0. 0. 0. 1. 0.]	"[0.0567 0.0726 0.0592 0.0558 0.2295 0.1303 0.3007 0.0863 0.7033 0.0474
 0.153  0.0567 0.1339 0.0567 0.0567 0.0619 0.149  0.0737 0.0583 0.0695
 0.0647 0.0481 0.0839 0.5165 0.0759]"	2
[0. 0. 0. 0. 0. 0. 0. 0. 1.]	"[0.0534 0.1128 0.0839 0.1394 0.8459 0.1082 0.2351 0.1722 0.0981 0.0839
 0.1067 0.1009 0.6478 0.0781 0.1082 0.0666 0.1582 0.0675 0.0685 0.1251
 0.1176 0.0781 0.0995 0.0981 0.0601]"	3
[0. 0. 0. 0. 0. 0. 0. 1. 0.]	"[0.216  0.0888 0.0716 0.0706 0.0726 0.0967 0.2451 0.0888 0.752  0.0567
 0.0716 0.0647 0.0637 0.0575 0.0839 0.0726 0.1471 0.0888 0.0914 0.0888
 0.0447 0.0558 0.0558 0.752  0.0706]"	4
[0. 0. 0. 0. 0. 0. 0. 1. 0.]	"[0.1128 0.0839 0.0792 0.0695 0.0876 0.1112 0.1613 0.1176 0.8606 0.0567
 0.0851 0.0619 0.0685 0.0583 0.0792 0.077  0.1385 0.0863 0.0695 0.116
 0.0542 0.0575 0.0716 0.8376 0.0804]"	5
[0. 1. 0. 0. 0. 0. 0. 0. 0.]	"[0.1451 0.0901 0.0583 0.0656 0.1082 0.1561 0.752  0.0815 0.2422 0.046
 0.1009 0.0601 0.0675 0.0628 0.0839 0.0851 0.3398 0.1037 0.1259 0.0737
 0.0706 0.0592 0.061  0.1722 0.0575]"	6
[0. 1. 0. 0. 0. 0. 0. 0. 0.]	"[0.0748 0.0647 0.0815 0.0685 0.1303 0.5636 0.5201 0.1422 0.2069 0.0542
 0.1234 0.0748 0.077  0.077  0.0619 0.0628 0.2568 0.1551 0.1144 0.0526
 0.0601 0.0656 0.1422 0.1592 0.0518]"	7
[0. 0. 0. 0. 0. 1. 0. 0. 0.]	"[0.0647 0.0526 0.0815 0.0601 0.5936 0.061  0.2436 0.2689 0.2323 0.0592
 0.4513 0.061  0.1441 0.0503 0.0542 0.0914 0.1192 0.0489 0.0489 0.0726
 0.2598 0.0592 0.0706 0.1037 0.1582]"	8
[0. 1. 0. 0. 0. 0. 0. 0. 0.]	"[0.0567 0.0656 0.0953 0.0567 0.3398 0.0995 0.6893 0.1883 0.2351 0.0619
 0.179  0.044  0.1394 0.0526 0.0637 0.1225 0.3217 0.0666 0.0675 0.0567
 0.1571 0.0695 0.1009 0.1251 0.094 ]"	9
[0. 0. 0. 1. 0. 0. 0. 0. 0.]	"[0.061  0.0781 0.1251 0.0379 0.3268 0.0675 0.6307 0.2018 0.2121 0.0619
 0.1471 0.0637 0.1192 0.0511 0.0876 0.1348 0.4154 0.0759 0.0748 0.0876
 0.1339 0.1037 0.0781 0.1422 0.1082]"	10
[0. 0. 0. 0. 1. 0. 0. 0. 0.]	"[0.0534 0.0583 0.0804 0.0481 0.7564 0.0619 0.2918 0.1251 0.2018 0.0656
 0.5168 0.0737 0.1645 0.0575 0.0656 0.0716 0.2187 0.0575 0.0518 0.0675
 0.1052 0.0601 0.0575 0.1303 0.0981]"	11
[0. 0. 0. 0. 0. 0. 0. 1. 0.]	"[0.1561 0.0827 0.0863 0.0804 0.1242 0.0839 0.8311 0.133  0.1824 0.0759
 0.1242 0.0567 0.0675 0.0737 0.1348 0.2862 0.3739 0.1112 0.1209 0.133
 0.0851 0.0695 0.0967 0.1824 0.0876]"	12
[0. 0. 0. 0. 0. 0. 0. 1. 0.]	"[0.0927 0.0656 0.061  0.0726 0.0995 0.1413 0.2659 0.0759 0.8032 0.0467
 0.0815 0.0619 0.0888 0.055  0.0575 0.0619 0.1571 0.094  0.094  0.0759
 0.0489 0.0496 0.0716 0.6775 0.0695]"	13
[0. 0. 0. 0. 0. 0. 1. 0. 0.]	"[0.1981 0.0685 0.0542 0.0656 0.0851 0.1441 0.5105 0.1441 0.3965 0.0481
 0.0716 0.0496 0.0804 0.0567 0.0685 0.0953 0.2689 0.094  0.0927 0.1375
 0.0534 0.0511 0.0815 0.3739 0.0542]"	14
[0. 0. 0. 0. 0. 0. 0. 1. 0.]	"[0.061  0.0695 0.0737 0.055  0.1722 0.1009 0.7256 0.0863 0.4036 0.0567
 0.1432 0.0647 0.0748 0.0503 0.0863 0.0927 0.5789 0.0888 0.1009 0.0781
 0.0748 0.0575 0.0781 0.32   0.0716]"	15
[0. 0. 0. 0. 0. 0. 0. 1. 0.]	"[0.1176 0.0781 0.0583 0.0575 0.0953 0.0815 0.2975 0.22   0.7233 0.0447
 0.0953 0.0526 0.0601 0.0503 0.0863 0.0706 0.2295 0.0716 0.0567 0.22
 0.055  0.055  0.0567 0.6706 0.0685]"	16
[0. 0. 0. 0. 0. 0. 0. 1. 0.]	"[0.0685 0.0927 0.0619 0.0737 0.1432 0.0901 0.3914 0.287  0.6379 0.0489
 0.0726 0.061  0.1234 0.0583 0.0804 0.0656 0.3049 0.0726 0.0901 0.287
 0.0706 0.0592 0.055  0.5746 0.0748]"	17
[0. 0. 0. 0. 0. 0. 0. 1. 0.]	"[0.1711 0.0981 0.0901 0.0995 0.2018 0.0876 0.1624 0.8459 0.2254 0.0901
 0.1385 0.0927 0.1277 0.0876 0.094  0.1225 0.1052 0.0927 0.0953 0.8449
 0.1375 0.0914 0.148  0.1919 0.0851]"	18
[0. 0. 0. 0. 0. 0. 0. 1. 0.]	"[0.0619 0.0503 0.0839 0.0601 0.6715 0.0619 0.2854 0.1871 0.2069 0.0637
 0.6252 0.0601 0.1242 0.0518 0.0558 0.0839 0.1432 0.061  0.0575 0.0792
 0.1744 0.0567 0.0737 0.1294 0.1242]"	19
[0. 1. 0. 0. 0. 0. 0. 0. 0.]	"[0.1097 0.0888 0.0706 0.0759 0.1052 0.1981 0.728  0.0827 0.2705 0.0474
 0.1037 0.0592 0.0781 0.0666 0.0737 0.0647 0.4182 0.1052 0.1422 0.0748
 0.0647 0.0619 0.0558 0.1836 0.0542]"	20
[0. 0. 0. 0. 1. 0. 0. 0. 0.]	"[0.0656 0.0675 0.0901 0.0601 0.7827 0.0666 0.2282 0.0901 0.2173 0.0685
 0.7461 0.0628 0.153  0.0619 0.0666 0.0804 0.1744 0.0781 0.0628 0.0685
 0.0901 0.0666 0.0575 0.1303 0.0927]"	21
[0. 0. 0. 0. 0. 1. 0. 0. 0.]	"[0.0804 0.0666 0.2767 0.0706 0.3355 0.0666 0.4254 0.2436 0.1634 0.1366
 0.1541 0.0656 0.1744 0.0427 0.0567 0.1176 0.1848 0.0888 0.0666 0.0675
 0.1944 0.1112 0.0901 0.0827 0.0967]"	22
[0. 0. 0. 0. 0. 0. 0. 1. 0.]	"[0.0863 0.0759 0.0815 0.055  0.2173 0.0675 0.4412 0.0726 0.6993 0.0481
 0.1582 0.0511 0.1009 0.0481 0.0666 0.0748 0.2628 0.0827 0.061  0.0726
 0.0656 0.061  0.0628 0.5506 0.077 ]"	23
[0. 0. 0. 0. 0. 0. 0. 1. 0.]	"[0.0542 0.0592 0.0601 0.0656 0.1432 0.1848 0.578  0.0863 0.5808 0.0474
 0.116  0.0567 0.1385 0.0481 0.0474 0.0558 0.3666 0.1052 0.1251 0.0637
 0.061  0.0647 0.0726 0.3329 0.0601]"	24
[0. 0. 0. 0. 0. 1. 0. 0. 0.]	"[0.0526 0.077  0.1895 0.0863 0.4292 0.1268 0.7491 0.149  0.2056 0.1357
 0.1432 0.0888 0.22   0.0706 0.0981 0.0781 0.7491 0.0953 0.0781 0.1112
 0.1097 0.0706 0.0927 0.1357 0.0675]"	25
[0. 0. 0. 0. 0. 0. 0. 0. 1.]	"[0.0759 0.1037 0.0637 0.0726 0.5115 0.0583 0.248  0.2082 0.3425 0.0454
 0.0967 0.0792 0.2268 0.055  0.0583 0.0601 0.1451 0.0503 0.0467 0.1603
 0.0995 0.0628 0.0583 0.2465 0.0706]"	26
[0. 0. 0. 0. 0. 0. 0. 1. 0.]	"[0.0685 0.0706 0.0656 0.0827 0.3355 0.0647 0.2043 0.6935 0.2351 0.0656
 0.1778 0.0601 0.1968 0.0619 0.0567 0.0748 0.1144 0.0496 0.0666 0.5703
 0.2295 0.0619 0.0839 0.1634 0.0863]"	27
[0. 0. 0. 0. 0. 0. 0. 1. 1.]	"[0.0619 0.0628 0.077  0.0526 0.7217 0.0592 0.2767 0.1303 0.2295 0.0601
 0.5799 0.0583 0.1571 0.0583 0.0583 0.0759 0.1778 0.0637 0.0542 0.0759
 0.1112 0.0637 0.0575 0.1603 0.1009]"	28
[0. 0. 0. 0. 0. 0. 0. 1. 0.]	"[0.0995 0.077  0.0792 0.0675 0.0815 0.0981 0.3065 0.0901 0.8141 0.055
 0.0815 0.0601 0.0619 0.0489 0.0876 0.0815 0.1931 0.0888 0.0815 0.0888
 0.0567 0.055  0.0792 0.7705 0.0726]"	29
[0. 1. 0. 0. 0. 0. 0. 1. 0.]	"[0.1242 0.1067 0.1023 0.1209 0.1919 0.1009 0.7905 0.1778 0.17   0.1023
 0.1919 0.0666 0.0716 0.1009 0.17   0.6243 0.1824 0.12   0.1009 0.148
 0.1403 0.0967 0.15   0.1394 0.1413]"	30
[0. 0. 0. 0. 0. 0. 0. 1. 0.]	"[0.0666 0.0666 0.0685 0.0518 0.1394 0.1234 0.5311 0.0953 0.6415 0.0503
 0.1112 0.0592 0.0888 0.0474 0.0637 0.0759 0.3363 0.0981 0.0748 0.0748
 0.0628 0.061  0.0927 0.4812 0.0628]"	31
[0. 0. 0. 0. 0. 1. 0. 0. 0.]	"[0.0534 0.0685 0.1052 0.1375 0.3872 0.1357 0.6766 0.1993 0.1722 0.1009
 0.094  0.0583 0.2983 0.0583 0.0927 0.0716 0.5988 0.0706 0.0592 0.1403
 0.1009 0.0685 0.0888 0.1441 0.0628]"	32
[0. 0. 1. 0. 0. 1. 0. 0. 0.]	"[0.0914 0.0647 0.0619 0.12   0.3149 0.4111 0.3225 0.2583 0.1859 0.0619
 0.0656 0.077  0.2436 0.1009 0.0656 0.0726 0.1251 0.0827 0.0726 0.1176
 0.0851 0.055  0.2568 0.148  0.0601]"	33
[0. 0. 0. 0. 0. 0. 0. 0. 1.]	"[0.0558 0.0748 0.1037 0.0706 0.5008 0.0876 0.7009 0.1656 0.1268 0.0815
 0.1348 0.0685 0.1883 0.0583 0.1321 0.0792 0.5346 0.0601 0.0503 0.0863
 0.1144 0.0748 0.0716 0.1052 0.0716]"	34
[0. 0. 0. 0. 0. 1. 0. 0. 0.]	"[0.1234 0.0781 0.2408 0.0804 0.6379 0.0647 0.3979 0.0781 0.1144 0.1883
 0.2295 0.1128 0.1944 0.0503 0.094  0.0656 0.3398 0.077  0.0656 0.0666
 0.0656 0.0656 0.0619 0.1144 0.0647]"	35
[0. 0. 0. 0. 0. 0. 0. 0. 1.]	"[0.0628 0.0542 0.116  0.0583 0.6715 0.0637 0.4007 0.0995 0.1968 0.0953
 0.5161 0.0804 0.0967 0.046  0.0685 0.0685 0.291  0.0726 0.0542 0.0804
 0.0792 0.0518 0.061  0.1303 0.0759]"	36
[0. 0. 0. 0. 0. 0. 0. 0. 1.]	"[0.0781 0.1009 0.0839 0.1067 0.8245 0.0706 0.1385 0.1097 0.1432 0.0792
 0.1981 0.1112 0.4671 0.0706 0.0656 0.0647 0.1112 0.0706 0.0601 0.0863
 0.0851 0.0675 0.0628 0.1192 0.0619]"	37
[0. 0. 0. 0. 0. 0. 0. 0. 1.]	"[0.055  0.1128 0.0748 0.0695 0.8007 0.0781 0.1321 0.2323 0.1422 0.0716
 0.1052 0.0863 0.6843 0.0781 0.0851 0.0675 0.0888 0.0534 0.0637 0.1082
 0.1678 0.0781 0.0914 0.0995 0.0737]"	38
[0. 0. 0. 0. 0. 0. 0. 1. 0.]	"[0.0601 0.0675 0.0726 0.0619 0.1009 0.1678 0.3594 0.3603 0.577  0.0511
 0.055  0.061  0.0914 0.0408 0.0601 0.0748 0.17   0.0967 0.0542 0.0927
 0.1067 0.0601 0.332  0.4678 0.0804]"	39
[0. 0. 0. 0. 0. 0. 0. 0. 1.]	"[0.0503 0.0981 0.0876 0.1441 0.7372 0.1321 0.2108 0.3469 0.0914 0.0759
 0.0815 0.0815 0.6086 0.0716 0.0901 0.0637 0.1471 0.0503 0.0601 0.1451
 0.2031 0.0666 0.1422 0.0815 0.0656]"	40
[0. 0. 0. 1. 0. 0. 0. 0. 0.]	"[0.0675 0.0737 0.1052 0.0542 0.3191 0.1285 0.7249 0.094  0.1037 0.0489
 0.309  0.055  0.077  0.0628 0.0901 0.1023 0.2553 0.0851 0.2751 0.0737
 0.094  0.0748 0.0567 0.0967 0.0619]"	41
[0. 0. 0. 0. 0. 0. 0. 1. 0.]	"[0.1112 0.0901 0.0781 0.077  0.0888 0.1176 0.1561 0.1744 0.8397 0.046
 0.0726 0.0647 0.0781 0.0619 0.0666 0.0737 0.1294 0.0695 0.0695 0.1744
 0.055  0.0583 0.061  0.7969 0.0759]"	42
[0. 0. 0. 0. 0. 0. 0. 0. 1.]	"[0.0526 0.0981 0.0914 0.1192 0.8758 0.0737 0.1366 0.1357 0.1097 0.0914
 0.1461 0.1037 0.6885 0.0737 0.0914 0.0637 0.1112 0.0647 0.0716 0.0953
 0.12   0.0716 0.0927 0.0914 0.0675]"	43
[0. 0. 1. 0. 0. 0. 0. 0. 0.]	"[0.0726 0.0656 0.0726 0.0601 0.1112 0.2539 0.7326 0.2422 0.1744 0.055
 0.0851 0.0628 0.0647 0.055  0.0748 0.1037 0.3504 0.1067 0.0804 0.0685
 0.1052 0.0601 0.2422 0.1192 0.0706]"	44
[0. 0. 0. 0. 0. 1. 0. 0. 0.]	"[0.0583 0.0558 0.0792 0.0628 0.5028 0.0489 0.3612 0.2894 0.2393 0.0656
 0.4668 0.061  0.1097 0.0454 0.0592 0.0851 0.17   0.0534 0.061  0.1767
 0.1744 0.0511 0.0759 0.1471 0.116 ]"	45
[0. 0. 0. 0. 0. 0. 0. 1. 0.]	"[0.0575 0.0583 0.061  0.055  0.2568 0.1176 0.5732 0.077  0.506  0.0474
 0.2568 0.0558 0.094  0.0503 0.0666 0.0656 0.2379 0.0839 0.0851 0.077
 0.061  0.0526 0.0637 0.3639 0.0619]"	46
[0. 0. 0. 0. 0. 0. 0. 1. 0.]	"[0.1067 0.0804 0.0685 0.077  0.0888 0.1067 0.2613 0.1571 0.7732 0.0496
 0.0888 0.0518 0.0737 0.0542 0.0706 0.0706 0.1767 0.0726 0.0628 0.1571
 0.0518 0.0526 0.0748 0.7202 0.0685]"	47
[0. 1. 0. 0. 0. 0. 0. 0. 0.]	"[0.0804 0.0706 0.0748 0.0647 0.1339 0.2926 0.696  0.1689 0.153  0.0511
 0.0851 0.0567 0.077  0.0656 0.0716 0.133  0.3049 0.1082 0.0804 0.061
 0.0888 0.0575 0.1689 0.1009 0.0666]"	48
[0. 0. 0. 0. 0. 0. 0. 1. 0.]	"[0.0967 0.0876 0.0914 0.0995 0.179  0.0901 0.2043 0.8278 0.2846 0.0815
 0.1097 0.0804 0.1176 0.0759 0.0759 0.0876 0.0851 0.0792 0.0827 0.717
 0.1722 0.0804 0.2069 0.2365 0.0726]"	49
[0. 0. 0. 0. 0. 0. 0. 1. 0.]	"[0.0839 0.0695 0.0675 0.0567 0.0995 0.1561 0.4349 0.077  0.6549 0.0503
 0.0995 0.0628 0.0575 0.0575 0.0792 0.0619 0.3329 0.094  0.0888 0.077
 0.0567 0.0481 0.0575 0.5978 0.0666]"	50
[0. 0. 0. 0. 0. 0. 0. 0. 1.]	"[0.0675 0.0981 0.0726 0.0685 0.7607 0.0716 0.1895 0.1667 0.1645 0.0592
 0.2254 0.0876 0.3107 0.0716 0.0804 0.0675 0.1321 0.0542 0.0503 0.1052
 0.1234 0.0804 0.0583 0.1192 0.0759]"	51
[0. 0. 0. 0. 0. 0. 0. 0. 1.]	"[0.0759 0.0953 0.0792 0.0927 0.2351 0.0953 0.8256 0.1067 0.1052 0.0666
 0.1112 0.0647 0.0748 0.0656 0.5209 0.094  0.3835 0.061  0.0748 0.0759
 0.0927 0.0827 0.0914 0.1052 0.0656]"	52
[0. 0. 0. 0. 0. 0. 0. 1. 0.]	"[0.0695 0.0695 0.0647 0.0851 0.3234 0.0637 0.2056 0.7058 0.2295 0.0647
 0.1836 0.0601 0.1895 0.0637 0.0575 0.077  0.1144 0.0503 0.0656 0.5842
 0.2351 0.061  0.0839 0.1613 0.0876]"	53
[0. 0. 0. 0. 0. 0. 0. 1. 0.]	"[0.094  0.0695 0.0748 0.0628 0.0953 0.094  0.2644 0.0927 0.8311 0.0575
 0.0953 0.0583 0.0675 0.0526 0.0876 0.0726 0.1981 0.0839 0.0656 0.0927
 0.0592 0.0534 0.0685 0.7827 0.0804]"	54
[0. 0. 0. 0. 0. 0. 1. 0. 0.]	"[0.1422 0.0592 0.061  0.0583 0.1067 0.0967 0.2509 0.1112 0.7303 0.0474
 0.0927 0.0526 0.1023 0.0518 0.0583 0.0737 0.1767 0.0737 0.055  0.0706
 0.0628 0.055  0.1052 0.5913 0.0839]"	55
[0. 0. 0. 0. 1. 0. 0. 0. 0.]	"[0.0685 0.0737 0.0804 0.0675 0.8559 0.0839 0.1592 0.0927 0.133  0.0706
 0.7146 0.1403 0.148  0.0656 0.0759 0.0675 0.1242 0.0666 0.0685 0.0927
 0.0737 0.0601 0.0558 0.1285 0.0888]"	56
[0. 1. 0. 0. 0. 0. 0. 0. 0.]	"[0.1217 0.0781 0.1009 0.1303 0.1217 0.2942 0.7033 0.0888 0.1128 0.0737
 0.0967 0.0716 0.0619 0.0637 0.0981 0.0967 0.2613 0.15   0.1209 0.0558
 0.0656 0.0706 0.0888 0.0927 0.0503]"	57
[0. 1. 0. 0. 0. 0. 0. 0. 0.]	"[0.1067 0.0967 0.1144 0.1067 0.1294 0.1571 0.884  0.1432 0.1375 0.1009
 0.1023 0.0827 0.077  0.0827 0.17   0.1722 0.6926 0.1451 0.1176 0.1082
 0.1023 0.0706 0.0967 0.12   0.0827]"	58
[0. 0. 0. 0. 1. 0. 0. 0. 0.]	"[0.116  0.0666 0.1037 0.0575 0.7447 0.0575 0.2268 0.0888 0.1451 0.0583
 0.6619 0.0737 0.1037 0.055  0.0695 0.0815 0.1357 0.0619 0.077  0.0737
 0.0839 0.0675 0.046  0.1128 0.077 ]"	59
[0. 0. 0. 0. 0. 1. 0. 0. 1.]	"[0.0716 0.1023 0.0927 0.44   0.283  0.149  0.2422 0.3549 0.0647 0.0781
 0.0489 0.077  0.2628 0.061  0.0953 0.0666 0.1067 0.0628 0.055  0.1294
 0.1907 0.0685 0.1413 0.0534 0.061 ]"	60
[0. 0. 0. 0. 1. 0. 0. 0. 0.]	"[0.1037 0.0804 0.0592 0.0953 0.2422 0.0953 0.5361 0.1667 0.1722 0.0526
 0.1656 0.0666 0.0914 0.0534 0.0716 0.0953 0.2082 0.0656 0.0558 0.0839
 0.1312 0.0592 0.0927 0.1052 0.0815]"	61
[0. 0. 0. 0. 0. 1. 0. 0. 0.]	"[0.1052 0.0737 0.0967 0.0967 0.1541 0.0827 0.3442 0.7326 0.3166 0.0863
 0.151  0.0706 0.0815 0.0666 0.0748 0.1209 0.1603 0.0953 0.0748 0.7009
 0.1285 0.0726 0.1268 0.2613 0.0759]"	62
[0. 0. 0. 0. 0. 0. 0. 1. 0.]	"[0.1009 0.0804 0.0737 0.0637 0.1023 0.0839 0.3024 0.0876 0.8199 0.0542
 0.0759 0.0534 0.0839 0.0511 0.0759 0.0759 0.2227 0.0851 0.0666 0.0876
 0.0647 0.0583 0.0628 0.6968 0.0781]"	63
[0. 0. 0. 0. 0. 0. 0. 0. 1.]	"[0.0666 0.0759 0.1037 0.116  0.8187 0.0656 0.1667 0.1067 0.0967 0.0792
 0.2878 0.1348 0.2365 0.0656 0.0863 0.0647 0.1192 0.0675 0.0628 0.0781
 0.0953 0.0781 0.0575 0.0876 0.0706]"	64
[0. 1. 0. 0. 0. 0. 0. 0. 0.]	"[0.1441 0.0827 0.0666 0.0685 0.1225 0.1385 0.6415 0.0695 0.3329 0.0474
 0.0981 0.0567 0.0726 0.0542 0.0666 0.077  0.3024 0.0981 0.0901 0.0592
 0.0675 0.055  0.0542 0.1968 0.0647]"	65
[0. 0. 0. 1. 0. 0. 0. 0. 0.]	"[0.1097 0.0967 0.1023 0.0953 0.1403 0.1422 0.8366 0.1037 0.1778 0.0759
 0.1144 0.0583 0.0967 0.0888 0.1225 0.0901 0.1432 0.1144 0.7592 0.0888
 0.0888 0.1037 0.0748 0.1778 0.0901]"	66
[0. 0. 0. 0. 0. 0. 0. 1. 0.]	"[0.0666 0.0534 0.0575 0.061  0.1112 0.2121 0.4069 0.1009 0.6316 0.0481
 0.1112 0.0619 0.0839 0.0601 0.0637 0.077  0.2806 0.1009 0.0666 0.0839
 0.0481 0.0467 0.1009 0.5088 0.0637]"	67
[0. 0. 0. 0. 0. 1. 0. 0. 0.]	"[0.0927 0.0851 0.0792 0.0804 0.1993 0.2436 0.2598 0.5927 0.1895 0.0567
 0.0726 0.0901 0.1209 0.0496 0.0759 0.0901 0.0827 0.0804 0.0737 0.094
 0.1956 0.0888 0.5079 0.1613 0.0953]"	68
[0. 0. 0. 0. 0. 0. 0. 1. 0.]	"[0.1176 0.1009 0.0839 0.0827 0.0827 0.116  0.1603 0.1312 0.8933 0.0558
 0.0815 0.0706 0.0827 0.0542 0.0666 0.0815 0.1009 0.0901 0.0914 0.1144
 0.0637 0.0695 0.0748 0.851  0.0839]"	69
[0. 0. 0. 0. 0. 0. 0. 0. 1.]	"[0.0503 0.055  0.0737 0.0558 0.6843 0.0592 0.2379 0.2031 0.2509 0.061
 0.5694 0.0583 0.153  0.0526 0.0637 0.0726 0.1667 0.0601 0.0518 0.0792
 0.1883 0.0592 0.0647 0.133  0.1209]"	70
[0. 0. 0. 0. 1. 0. 0. 0. 0.]	"[0.0827 0.0726 0.1112 0.0706 0.8019 0.0706 0.1733 0.0981 0.1294 0.0759
 0.7649 0.0781 0.1176 0.0637 0.0716 0.0748 0.1366 0.0737 0.0685 0.0716
 0.0981 0.0737 0.0526 0.094  0.0953]"	71
[0. 1. 0. 0. 0. 0. 0. 0. 0.]	"[0.1461 0.1112 0.0967 0.0981 0.1689 0.1052 0.8117 0.1403 0.153  0.0863
 0.1624 0.0695 0.0675 0.1052 0.2187 0.595  0.1744 0.12   0.1052 0.1209
 0.1268 0.0967 0.1251 0.1268 0.1242]"	72
[0. 1. 0. 0. 0. 0. 0. 0. 0.]	"[0.0876 0.0695 0.1052 0.0567 0.2282 0.0827 0.8333 0.0981 0.1624 0.0685
 0.2187 0.0601 0.0839 0.0619 0.0804 0.1277 0.2991 0.094  0.2214 0.0981
 0.0953 0.0601 0.0839 0.1357 0.0781]"	73
[0. 0. 0. 1. 0. 0. 0. 0. 0.]	"[0.0851 0.0815 0.0863 0.0781 0.1268 0.1801 0.8418 0.0863 0.1394 0.0567
 0.1128 0.0583 0.0815 0.0804 0.1097 0.0901 0.2524 0.1112 0.5997 0.0839
 0.0863 0.077  0.0716 0.1394 0.0706]"	74
[0. 0. 0. 0. 0. 0. 0. 1. 0.]	"[0.1052 0.0827 0.0827 0.0748 0.0851 0.1023 0.1907 0.0953 0.8741 0.0567
 0.0827 0.0685 0.0851 0.0503 0.0706 0.077  0.1357 0.094  0.0781 0.0759
 0.0628 0.0637 0.0901 0.8222 0.0759]"	75
[0. 0. 0. 0. 0. 0. 0. 0. 1.]	"[0.1645 0.1128 0.0666 0.1112 0.7138 0.077  0.133  0.116  0.1097 0.061
 0.1403 0.1176 0.3157 0.077  0.0759 0.0685 0.0888 0.0619 0.0601 0.0927
 0.0781 0.0675 0.0695 0.0953 0.0601]"	76
[0. 0. 1. 0. 0. 1. 0. 1. 0.]	"[0.116  0.0876 0.0781 0.0815 0.0967 0.1023 0.2628 0.1471 0.821  0.0474
 0.077  0.0619 0.0851 0.061  0.0685 0.0748 0.1678 0.0914 0.0876 0.1471
 0.0583 0.0567 0.0656 0.7491 0.077 ]"	77
[0. 0. 0. 0. 0. 0. 0. 1. 0.]	"[0.0726 0.0685 0.0666 0.0454 0.2309 0.0706 0.5794 0.1234 0.54   0.0467
 0.148  0.0567 0.0901 0.0481 0.0706 0.0804 0.3928 0.0716 0.0518 0.1009
 0.0863 0.0637 0.0759 0.3576 0.0815]"	78
[0. 0. 0. 0. 0. 0. 0. 0. 1.]	"[0.0601 0.0953 0.0901 0.1312 0.8093 0.0695 0.1461 0.1744 0.1234 0.077
 0.1689 0.1112 0.3937 0.0695 0.0666 0.0526 0.1234 0.0583 0.0503 0.1128
 0.1259 0.0675 0.077  0.1052 0.0675]"	79
[0. 0. 0. 0. 0. 0. 0. 1. 0.]	"[0.0981 0.0827 0.0876 0.0759 0.0863 0.1128 0.1778 0.094  0.88   0.0628
 0.0792 0.0726 0.0815 0.0567 0.0759 0.0737 0.1144 0.0888 0.0888 0.094
 0.055  0.0575 0.0748 0.849  0.0804]"	80
[0. 0. 1. 0. 0. 0. 0. 0. 0.]	"[0.0601 0.0685 0.0748 0.0695 0.2598 0.2082 0.6749 0.1112 0.1471 0.0558
 0.1217 0.0637 0.1394 0.055  0.0706 0.0863 0.3937 0.094  0.0839 0.0558
 0.0888 0.0737 0.0792 0.0827 0.0685]"	81
[0. 1. 0. 0. 0. 0. 0. 0. 0.]	"[0.1251 0.094  0.0981 0.0876 0.2254 0.0927 0.7905 0.1755 0.1541 0.0981
 0.133  0.0601 0.0967 0.0927 0.1895 0.4998 0.2173 0.1052 0.0656 0.0967
 0.1321 0.0953 0.1303 0.1225 0.12  ]"	82
[0. 0. 0. 0. 0. 1. 0. 0. 0.]	"[0.0558 0.0981 0.0781 0.1144 0.7146 0.116  0.1209 0.4244 0.1259 0.0726
 0.0827 0.0981 0.7146 0.0815 0.0981 0.0675 0.077  0.0489 0.0637 0.1432
 0.2524 0.0706 0.1541 0.0981 0.0792]"	83
[0. 0. 0. 0. 0. 0. 0. 1. 0.]	"[0.1112 0.1009 0.0851 0.0981 0.1294 0.1366 0.849  0.1097 0.1981 0.0726
 0.1128 0.0656 0.0737 0.0726 0.179  0.1234 0.6732 0.1037 0.0995 0.1082
 0.0876 0.0781 0.0815 0.1471 0.0656]"	84
[0. 0. 0. 0. 0. 1. 0. 0. 0.]	"[0.0601 0.0558 0.077  0.0518 0.6202 0.0534 0.3495 0.15   0.3057 0.0601
 0.6128 0.0534 0.1067 0.0503 0.0619 0.0967 0.1931 0.0647 0.0628 0.116
 0.1112 0.0575 0.0637 0.1944 0.1023]"	85
[0. 0. 0. 0. 0. 0. 0. 0. 1.]	"[0.1052 0.12   0.0716 0.1112 0.7732 0.0827 0.1112 0.1251 0.1824 0.0601
 0.1357 0.1209 0.4349 0.0827 0.0666 0.0637 0.0863 0.0647 0.0601 0.1251
 0.0716 0.0716 0.0583 0.153  0.061 ]"	86
[0. 0. 0. 0. 0. 0. 0. 0. 1.]	"[0.0716 0.1023 0.0619 0.0927 0.4796 0.0592 0.2282 0.1944 0.3242 0.0474
 0.0863 0.0637 0.2494 0.0542 0.0592 0.0558 0.151  0.0503 0.0503 0.1551
 0.0927 0.055  0.0601 0.2227 0.0619]"	87
[0. 0. 0. 0. 1. 0. 0. 0. 0.]	"[0.2018 0.0666 0.0666 0.061  0.4489 0.0748 0.3337 0.0863 0.1251 0.046
 0.2583 0.0726 0.0851 0.0481 0.0759 0.0781 0.1441 0.0583 0.0876 0.0716
 0.061  0.055  0.0567 0.1082 0.0685]"	88
[0. 1. 0. 0. 0. 0. 0. 0. 0.]	"[0.1144 0.1678 0.077  0.1217 0.1778 0.0876 0.6663 0.1895 0.116  0.055
 0.0748 0.0518 0.0781 0.0619 0.2598 0.0851 0.3639 0.0656 0.0542 0.0888
 0.1112 0.1144 0.0628 0.1023 0.0583]"	89
[0. 0. 0. 0. 0. 0. 0. 1. 0.]	"[0.0685 0.0748 0.1067 0.0601 0.2379 0.0748 0.7074 0.116  0.4419 0.0706
 0.1277 0.0666 0.1052 0.0534 0.0901 0.0804 0.6379 0.0953 0.0592 0.0792
 0.0863 0.0815 0.0863 0.2337 0.0876]"	90
[0. 0. 0. 0. 0. 0. 0. 1. 0.]	"[0.1375 0.0792 0.0815 0.0759 0.1097 0.1144 0.8408 0.116  0.2187 0.077
 0.1097 0.0685 0.0518 0.0759 0.1209 0.1348 0.5106 0.1067 0.153  0.116
 0.0759 0.0567 0.0726 0.2187 0.0781]"	91
[0. 1. 0. 0. 0. 0. 0. 0. 0.]	"[0.0967 0.0781 0.0511 0.0863 0.1678 0.1582 0.6575 0.1321 0.1234 0.0489
 0.0995 0.0454 0.0981 0.077  0.1441 0.22   0.1357 0.0601 0.0558 0.0637
 0.1321 0.0695 0.1052 0.0967 0.0863]"	92
[0. 0. 0. 0. 0. 0. 0. 1. 0.]	"[0.1285 0.0792 0.077  0.0706 0.1037 0.0953 0.2568 0.0759 0.7931 0.0503
 0.0901 0.0592 0.0737 0.0534 0.0675 0.0759 0.1836 0.0815 0.0675 0.0759
 0.0567 0.0489 0.0666 0.7146 0.0792]"	93
[0. 0. 0. 0. 0. 1. 0. 0. 0.]	"[0.1251 0.0737 0.0995 0.1009 0.0914 0.1981 0.3425 0.7001 0.2934 0.0706
 0.0628 0.0716 0.0685 0.0496 0.0656 0.0888 0.1082 0.116  0.0706 0.2422
 0.1813 0.0748 0.5336 0.2568 0.0914]"	94
[1. 0. 0. 0. 0. 0. 0. 0. 0.]	"[0.094  0.0995 0.0888 0.821  0.1251 0.0815 0.1303 0.1176 0.1603 0.0888
 0.0927 0.0716 0.0851 0.0716 0.1303 0.0981 0.0888 0.094  0.0781 0.1052
 0.0781 0.0666 0.0759 0.1242 0.0839]"	95
[0. 0. 0. 0. 1. 0. 0. 0. 0.]	"[0.0716 0.077  0.0851 0.0675 0.8311 0.0748 0.1931 0.0967 0.1023 0.0695
 0.5135 0.3877 0.0981 0.0558 0.0888 0.0675 0.1067 0.0567 0.0716 0.0967
 0.0804 0.0647 0.0675 0.1009 0.0863]"	96
[1. 1. 0. 0. 0. 0. 0. 0. 0.]	"[0.1082 0.0695 0.0542 0.0656 0.2056 0.1192 0.7578 0.1375 0.1242 0.0496
 0.1711 0.0592 0.0804 0.0511 0.0863 0.0995 0.4196 0.0748 0.0967 0.077
 0.1052 0.0518 0.0815 0.1144 0.0759]"	97
[0. 0. 0. 1. 0. 0. 0. 1. 0.]	"[0.0953 0.0781 0.0967 0.0695 0.1733 0.1192 0.8643 0.1097 0.1357 0.0706
 0.1733 0.0558 0.0748 0.0706 0.1082 0.1259 0.2241 0.0995 0.4912 0.0901
 0.1097 0.0706 0.0876 0.1321 0.0804]"	98
[0. 1. 0. 0. 0. 0. 0. 0. 0.]	"[0.1242 0.12   0.0953 0.1192 0.1268 0.1294 0.8176 0.0995 0.1097 0.0953
 0.0827 0.0804 0.077  0.0888 0.8164 0.1192 0.1357 0.0888 0.1067 0.0914
 0.0981 0.0839 0.0995 0.1097 0.0716]"	99
[0. 1. 0. 0. 0. 0. 0. 0. 0.]	"[0.1052 0.077  0.0927 0.0542 0.2241 0.0675 0.6593 0.2728 0.2108 0.061
 0.1744 0.055  0.0792 0.0481 0.0726 0.2408 0.2227 0.0804 0.061  0.0888
 0.2147 0.0737 0.1144 0.1432 0.1259]"	100
[0. 0. 0. 0. 0. 1. 0. 0. 0.]	"[0.0851 0.0781 0.0726 0.0637 0.0914 0.15   0.3049 0.077  0.8117 0.0542
 0.0839 0.0675 0.0914 0.0534 0.0737 0.0601 0.1895 0.1037 0.0953 0.0737
 0.0511 0.0518 0.0748 0.7356 0.0656]"	101
[0. 0. 0. 0. 0. 0. 0. 0. 1.]	"[0.0489 0.0601 0.0737 0.0628 0.5603 0.0726 0.5467 0.272  0.149  0.0695
 0.3124 0.0781 0.1128 0.0447 0.077  0.0675 0.3693 0.0619 0.0496 0.1582
 0.1413 0.0481 0.0815 0.1217 0.0726]"	102
[0. 0. 0. 0. 0. 0. 0. 1. 0.]	"[0.0526 0.0601 0.0981 0.0489 0.6645 0.0647 0.3303 0.0716 0.3891 0.0666
 0.5913 0.0637 0.1422 0.055  0.0716 0.0804 0.2323 0.0726 0.0637 0.0716
 0.0695 0.0583 0.0567 0.2323 0.0792]"	103
[1. 0. 0. 0. 0. 1. 0. 0. 0.]	"[0.1052 0.0815 0.0888 0.5856 0.1052 0.0716 0.2822 0.2241 0.2031 0.0759
 0.0695 0.0421 0.0851 0.0467 0.077  0.0914 0.1277 0.0901 0.0716 0.1375
 0.0827 0.0628 0.0781 0.152  0.0628]"	104
[0. 0. 0. 0. 0. 0. 0. 1. 0.]	"[0.0474 0.055  0.077  0.0481 0.5177 0.0706 0.433  0.0981 0.4311 0.0558
 0.4489 0.0558 0.1366 0.0467 0.055  0.077  0.3225 0.0637 0.0601 0.0706
 0.0827 0.061  0.0706 0.2108 0.0914]"	105
[0. 0. 0. 0. 0. 0. 0. 0. 1.]	"[0.0619 0.0967 0.0706 0.0953 0.8176 0.0748 0.1432 0.17   0.1312 0.0675
 0.1767 0.0981 0.4496 0.0748 0.0839 0.0647 0.1067 0.0601 0.0575 0.1128
 0.1144 0.0748 0.0876 0.0981 0.0675]"	106
[0. 0. 0. 0. 0. 0. 0. 1. 0.]	"[0.0666 0.0637 0.0839 0.0726 0.0706 0.0995 0.3919 0.2147 0.7549 0.061
 0.0675 0.0628 0.0575 0.039  0.0726 0.0851 0.2337 0.1176 0.0558 0.1234
 0.0827 0.0628 0.1733 0.6095 0.0804]"	107
[0. 0. 0. 0. 0. 0. 0. 1. 0.]	"[0.0706 0.0695 0.0726 0.0637 0.2408 0.1603 0.2958 0.54   0.279  0.0575
 0.0601 0.0839 0.1744 0.0503 0.0706 0.1112 0.1082 0.0695 0.0427 0.0695
 0.2524 0.094  0.3905 0.1441 0.1259]"	108
[0. 1. 0. 0. 0. 0. 0. 0. 0.]	"[0.1097 0.0804 0.061  0.0815 0.1097 0.1561 0.6654 0.0876 0.3998 0.0434
 0.1097 0.0558 0.0706 0.055  0.0685 0.0675 0.3469 0.0995 0.0995 0.0804
 0.0619 0.0518 0.0601 0.2838 0.0518]"	109
[0. 1. 0. 0. 0. 0. 0. 0. 0.]	"[0.0876 0.0863 0.0876 0.0792 0.2134 0.1277 0.8129 0.0792 0.1268 0.0558
 0.1571 0.0695 0.0914 0.0592 0.0888 0.094  0.2822 0.0851 0.3082 0.0716
 0.0792 0.0685 0.0685 0.1128 0.0685]"	110
[0. 0. 1. 0. 0. 0. 0. 0. 0.]	"[0.0901 0.0706 0.0675 0.0726 0.1067 0.3132 0.7326 0.1009 0.1848 0.0542
 0.0967 0.0628 0.0601 0.0647 0.0876 0.094  0.4639 0.133  0.0995 0.0637
 0.0656 0.055  0.1009 0.1375 0.0575]"	111
[0. 0. 0. 0. 0. 0. 0. 1. 0.]	"[0.0781 0.0716 0.0716 0.0647 0.094  0.1009 0.4705 0.0863 0.6901 0.0503
 0.094  0.0558 0.0558 0.0481 0.0851 0.0851 0.3294 0.0888 0.0716 0.0815
 0.0637 0.0518 0.0781 0.6325 0.0716]"	112
[0. 0. 0. 0. 0. 0. 0. 0. 1.]	"[0.0601 0.0953 0.0792 0.0914 0.4472 0.0706 0.7663 0.0995 0.1009 0.0716
 0.1321 0.0804 0.1052 0.0675 0.4192 0.0953 0.423  0.061  0.0666 0.0726
 0.0851 0.077  0.0726 0.1009 0.0647]"	113
[0. 0. 0. 0. 0. 0. 0. 0. 1.]	"[0.0518 0.0863 0.0839 0.0815 0.4937 0.0558 0.3124 0.4211 0.1733 0.0685
 0.1767 0.0427 0.3191 0.0511 0.0863 0.1144 0.1624 0.0434 0.0542 0.1112
 0.3891 0.0863 0.0666 0.0685 0.1209]"	114
[0. 0. 0. 0. 0. 0. 0. 0. 1.]	"[0.0592 0.0981 0.0851 0.0914 0.8568 0.0914 0.153  0.1824 0.1067 0.0804
 0.1259 0.0927 0.7311 0.0804 0.0953 0.0656 0.1225 0.055  0.0666 0.1082
 0.1385 0.0726 0.0927 0.0967 0.0675]"	115
[0. 1. 0. 0. 0. 0. 0. 0. 0.]	"[0.077  0.0792 0.0927 0.077  0.1871 0.1251 0.8105 0.0901 0.1112 0.0592
 0.1836 0.0619 0.0781 0.0575 0.1023 0.1144 0.3346 0.094  0.2121 0.0748
 0.0901 0.0666 0.0781 0.1009 0.0666]"	116
[0. 0. 0. 0. 0. 1. 0. 1. 0.]	"[0.0839 0.077  0.0518 0.0804 0.1192 0.1225 0.5185 0.0901 0.4948 0.0427
 0.0981 0.0481 0.0792 0.0534 0.0748 0.0619 0.3329 0.0815 0.0675 0.0901
 0.0637 0.0447 0.0583 0.3576 0.0628]"	117
[1. 0. 0. 0. 0. 0. 0. 1. 0.]	"[0.0888 0.0637 0.0781 0.3208 0.116  0.1441 0.2689 0.4441 0.2365 0.0726
 0.0601 0.0467 0.1037 0.0526 0.0628 0.0781 0.0804 0.0851 0.0503 0.1348
 0.1471 0.0685 0.2598 0.1624 0.0748]"	118
[0. 0. 0. 0. 0. 0. 0. 0. 1.]	"[0.0637 0.1009 0.0706 0.1385 0.849  0.0827 0.1303 0.1225 0.1192 0.0695
 0.1656 0.1037 0.5708 0.0827 0.0876 0.0675 0.1023 0.0647 0.061  0.1037
 0.0839 0.0628 0.0726 0.1037 0.0666]"	119
[0. 1. 0. 0. 0. 0. 0. 0. 0.]	"[0.0888 0.0666 0.061  0.0804 0.216  0.4598 0.5513 0.1541 0.1144 0.0583
 0.0716 0.0656 0.1883 0.0901 0.094  0.0863 0.1711 0.0827 0.0737 0.0863
 0.0737 0.0695 0.1312 0.1097 0.0481]"	120
[0. 1. 0. 0. 0. 0. 0. 0. 0.]	"[0.0781 0.0827 0.0706 0.0804 0.2975 0.0666 0.7607 0.1403 0.1294 0.0685
 0.1348 0.061  0.0827 0.0666 0.2214 0.3337 0.1931 0.0716 0.0592 0.094
 0.1052 0.0876 0.0851 0.1052 0.1009]"	121
[0. 0. 0. 0. 0. 0. 0. 1. 0.]	"[0.0927 0.0737 0.0888 0.0792 0.0759 0.0927 0.1895 0.12   0.8643 0.0567
 0.0726 0.0666 0.0656 0.046  0.0726 0.0781 0.0995 0.0981 0.0666 0.0888
 0.0695 0.0511 0.1128 0.8044 0.0804]"	122
[0. 0. 0. 0. 1. 0. 0. 0. 0.]	"[0.0748 0.0619 0.0792 0.0575 0.7476 0.0781 0.2689 0.1176 0.1403 0.0619
 0.7287 0.0592 0.116  0.0592 0.0675 0.0815 0.149  0.0695 0.0685 0.0675
 0.1176 0.0666 0.0666 0.094  0.0927]"	123
[0. 1. 0. 0. 0. 0. 0. 0. 0.]	"[0.0901 0.0675 0.077  0.0496 0.0967 0.1052 0.4102 0.1144 0.7154 0.0496
 0.0967 0.0601 0.0827 0.044  0.0567 0.0851 0.2173 0.1052 0.0781 0.0737
 0.0656 0.0558 0.1128 0.5931 0.0804]"	124
[0. 0. 0. 0. 0. 0. 0. 1. 0.]	"[0.1294 0.0792 0.077  0.0726 0.0914 0.0901 0.1981 0.094  0.8418 0.0592
 0.0914 0.0619 0.0647 0.0511 0.0863 0.0804 0.1403 0.0792 0.0706 0.094
 0.0558 0.0534 0.0675 0.8222 0.0815]"	125
[0. 1. 0. 0. 0. 0. 0. 0. 0.]	"[0.0647 0.0675 0.0666 0.0927 0.3124 0.0863 0.6901 0.0967 0.1082 0.0601
 0.1037 0.0726 0.0863 0.0526 0.2524 0.1009 0.2644 0.0567 0.0503 0.0558
 0.0815 0.0726 0.0888 0.094  0.0737]"	126
[0. 1. 0. 0. 0. 0. 0. 0. 0.]	"[0.1037 0.0839 0.0863 0.0851 0.1082 0.2674 0.752  0.0995 0.2553 0.0558
 0.0876 0.0706 0.0901 0.0876 0.1023 0.0706 0.1919 0.1441 0.6602 0.0995
 0.0637 0.0759 0.0695 0.2553 0.0675]"	127
[0. 0. 0. 0. 0. 1. 0. 0. 0.]	"[0.0981 0.094  0.0792 0.0851 0.1023 0.1413 0.1711 0.0995 0.8888 0.0575
 0.0839 0.0695 0.0927 0.0656 0.0656 0.0726 0.0927 0.094  0.0863 0.0981
 0.0558 0.0542 0.0863 0.8289 0.0839]"	128
[0. 1. 0. 0. 0. 0. 0. 0. 0.]	"[0.0675 0.0863 0.0839 0.0737 0.1667 0.3594 0.7592 0.0804 0.1037 0.0534
 0.1571 0.0675 0.1037 0.0781 0.0839 0.0792 0.2056 0.1339 0.4064 0.0647
 0.0804 0.0737 0.0804 0.0967 0.0575]"	129
[0. 0. 0. 0. 0. 0. 0. 1. 0.]	"[0.0792 0.0685 0.0804 0.061  0.0839 0.1209 0.3433 0.0927 0.7918 0.0542
 0.0781 0.0619 0.0695 0.044  0.0695 0.0685 0.1919 0.1082 0.0781 0.0637
 0.0601 0.0518 0.0927 0.7341 0.0675]"	130
[0. 1. 0. 0. 0. 0. 0. 0. 0.]	"[0.0815 0.094  0.0953 0.0781 0.2018 0.12   0.8032 0.1052 0.1067 0.0601
 0.1755 0.0542 0.0888 0.0737 0.1067 0.1067 0.1656 0.0901 0.4907 0.0706
 0.1052 0.0748 0.0748 0.1067 0.0716]"	131
[0. 0. 0. 0. 0. 0. 0. 1. 0.]	"[0.0851 0.0685 0.0737 0.0666 0.0927 0.0967 0.2697 0.0815 0.8278 0.0518
 0.0914 0.0534 0.0637 0.0503 0.0726 0.0726 0.2095 0.0839 0.0647 0.0815
 0.0628 0.0583 0.0637 0.7001 0.0792]"	132
[0. 0. 0. 0. 1. 0. 0. 0. 0.]	"[0.0706 0.0781 0.0851 0.0647 0.8105 0.0695 0.2379 0.1009 0.1432 0.0716
 0.8105 0.0695 0.1192 0.0601 0.0781 0.0827 0.1403 0.0726 0.0815 0.0716
 0.1009 0.0628 0.0647 0.1192 0.0863]"	133
[0. 0. 0. 0. 0. 1. 0. 0. 0.]	"[0.0496 0.0716 0.077  0.0637 0.2539 0.2018 0.668  0.2121 0.1919 0.061
 0.1112 0.0542 0.1471 0.0526 0.0792 0.0953 0.4417 0.0914 0.061  0.0575
 0.116  0.0781 0.1634 0.1192 0.0876]"	134
[0. 0. 0. 0. 0. 0. 0. 1. 0.]	"[0.0888 0.0695 0.0748 0.0647 0.0914 0.0953 0.3478 0.0748 0.7746 0.0534
 0.0914 0.0583 0.0685 0.0447 0.0759 0.0706 0.2509 0.0901 0.0748 0.0716
 0.061  0.0542 0.0748 0.7017 0.0666]"	135
[0. 0. 0. 0. 1. 0. 0. 0. 0.]	"[0.0656 0.077  0.151  0.0759 0.8606 0.0815 0.1385 0.094  0.0815 0.116
 0.4116 0.4794 0.1294 0.0575 0.0792 0.0583 0.1067 0.0685 0.0792 0.0737
 0.0792 0.0726 0.0716 0.0815 0.077 ]"	136
[0. 0. 0. 0. 0. 1. 0. 0. 0.]	"[0.3684 0.0876 0.0666 0.0781 0.1277 0.0953 0.1312 0.151  0.5436 0.0511
 0.0637 0.0575 0.1144 0.0592 0.0534 0.0716 0.0804 0.061  0.0518 0.1394
 0.0526 0.0481 0.0863 0.5373 0.0675]"	137
[0. 0. 0. 0. 1. 0. 0. 0. 0.]	"[0.094  0.0792 0.0781 0.0675 0.8164 0.0726 0.1801 0.1112 0.1242 0.0647
 0.8164 0.0781 0.0953 0.0675 0.0781 0.077  0.1112 0.0685 0.0839 0.0804
 0.1112 0.0706 0.0575 0.1023 0.0995]"	138
[0. 0. 0. 0. 0. 0. 0. 1. 0.]	"[0.0804 0.0759 0.0695 0.0526 0.1348 0.1375 0.3914 0.0995 0.7341 0.0583
 0.0748 0.0666 0.1128 0.0496 0.0666 0.0628 0.2553 0.0876 0.0888 0.0792
 0.0481 0.0675 0.0995 0.6567 0.0628]"	139
[0. 0. 0. 0. 0. 0. 0. 1. 0.]	"[0.1968 0.0647 0.0647 0.0542 0.0851 0.0637 0.3803 0.1603 0.6628 0.0481
 0.0851 0.0489 0.0567 0.0592 0.0675 0.1294 0.1981 0.0851 0.0716 0.1603
 0.0675 0.061  0.0637 0.6035 0.077 ]"	140
[0. 0. 0. 0. 0. 1. 0. 0. 0.]	"[0.5171 0.0888 0.0953 0.1082 0.0876 0.1112 0.2187 0.8032 0.1722 0.0851
 0.0748 0.0876 0.0675 0.0748 0.0804 0.1097 0.0888 0.1009 0.0901 0.6893
 0.1413 0.0901 0.2309 0.1689 0.094 ]"	141
[0. 0. 0. 0. 0. 0. 0. 1. 0.]	"[0.0637 0.0827 0.0716 0.0737 0.3895 0.0656 0.2713 0.6142 0.2365 0.0675
 0.1733 0.0567 0.2975 0.0575 0.0601 0.0804 0.1176 0.0496 0.0685 0.4083
 0.2886 0.0592 0.1067 0.1801 0.0967]"	142
[0. 0. 0. 0. 0. 0. 0. 1. 0.]	"[0.1067 0.0685 0.0706 0.0628 0.0815 0.1144 0.2918 0.0914 0.7905 0.0518
 0.0815 0.0592 0.0601 0.055  0.0706 0.0716 0.1895 0.0863 0.0851 0.0914
 0.055  0.0503 0.0656 0.7461 0.0675]"	143
[0. 0. 1. 0. 0. 0. 0. 0. 0.]	"[0.0759 0.0716 0.0927 0.0748 0.1634 0.1613 0.8069 0.0781 0.1339 0.0534
 0.1634 0.0637 0.0706 0.0542 0.0863 0.0914 0.3684 0.1037 0.2465 0.0685
 0.077  0.0666 0.0675 0.1067 0.061 ]"	144
[0. 0. 0. 0. 1. 0. 0. 0. 0.]	"[0.0888 0.0876 0.1112 0.094  0.6993 0.0953 0.1722 0.2999 0.2422 0.0804
 0.1097 0.6993 0.1009 0.0666 0.0827 0.0726 0.1023 0.0695 0.0628 0.1778
 0.1441 0.0637 0.1471 0.1824 0.0953]"	145
[0. 0. 0. 1. 0. 0. 0. 0. 0.]	"[0.0804 0.0726 0.0827 0.0656 0.2147 0.1541 0.8355 0.0888 0.1339 0.0542
 0.2043 0.0558 0.0804 0.0695 0.0981 0.0953 0.2736 0.1009 0.4559 0.0888
 0.0839 0.0695 0.0706 0.1339 0.0666]"	146
[0. 0. 0. 0. 0. 0. 0. 1. 0.]	"[0.0914 0.0863 0.0804 0.0685 0.0863 0.1192 0.1836 0.094  0.8732 0.0637
 0.0781 0.0706 0.0863 0.0511 0.0748 0.0695 0.1339 0.0914 0.0953 0.0901
 0.0542 0.0601 0.0792 0.8344 0.0804]"	147
[0. 0. 0. 0. 0. 0. 0. 1. 0.]	"[0.1144 0.0815 0.0647 0.0628 0.0953 0.1128 0.6397 0.0876 0.4673 0.0558
 0.0953 0.0628 0.0496 0.0592 0.1037 0.0863 0.4525 0.0967 0.0863 0.0876
 0.0628 0.0518 0.0656 0.4282 0.0685]"	148
[0. 0. 0. 0. 0. 0. 0. 1. 0.]	"[0.0759 0.0716 0.0748 0.0601 0.0827 0.1112 0.3558 0.0827 0.752  0.0489
 0.0827 0.0575 0.0637 0.0474 0.0759 0.0716 0.2451 0.0888 0.0695 0.0726
 0.0619 0.0496 0.0792 0.6723 0.0666]"	149
[0. 0. 0. 0. 0. 0. 0. 0. 1.]	"[0.0726 0.1225 0.0666 0.094  0.6522 0.0685 0.148  0.1603 0.3381 0.0583
 0.1037 0.0914 0.3711 0.0685 0.0575 0.0567 0.1097 0.055  0.0496 0.1366
 0.094  0.0637 0.061  0.2214 0.0759]"	150
[0. 0. 0. 0. 0. 0. 0. 1. 0.]	"[0.1128 0.0804 0.0737 0.0558 0.0827 0.1192 0.5329 0.0706 0.6044 0.0542
 0.0827 0.0583 0.0637 0.0567 0.0804 0.0685 0.3016 0.1097 0.116  0.0706
 0.055  0.0542 0.0601 0.5349 0.0656]"	151
[0. 0. 0. 0. 0. 0. 1. 0. 0.]	"[0.709  0.1242 0.0759 0.1009 0.1285 0.0888 0.149  0.0914 0.17   0.0759
 0.0759 0.077  0.0981 0.0827 0.0839 0.0953 0.0995 0.0804 0.0827 0.0914
 0.0675 0.077  0.0647 0.1656 0.0737]"	152
[0. 1. 0. 0. 0. 0. 0. 0. 0.]	"[0.1009 0.0628 0.0876 0.0656 0.1209 0.1778 0.6289 0.1678 0.304  0.0619
 0.0759 0.0526 0.0815 0.0447 0.061  0.0967 0.2509 0.1082 0.0526 0.0511
 0.0995 0.0685 0.1234 0.1733 0.0656]"	153
[0. 0. 0. 0. 0. 1. 0. 0. 0.]	"[0.0575 0.0804 0.1009 0.0748 0.287  0.1097 0.7746 0.1385 0.2121 0.0706
 0.1234 0.0706 0.1209 0.0534 0.1348 0.0927 0.6487 0.0827 0.077  0.0759
 0.0953 0.0863 0.094  0.1128 0.0839]"	154
[0. 0. 0. 0. 0. 0. 0. 0. 1.]	"[0.0583 0.1052 0.0748 0.0901 0.8652 0.0792 0.12   0.1242 0.1312 0.0748
 0.15   0.1067 0.6602 0.077  0.0851 0.0637 0.0914 0.0666 0.0737 0.0995
 0.094  0.0706 0.0863 0.1082 0.061 ]"	155
[0. 0. 0. 0. 0. 0. 0. 1. 0.]	"[0.1052 0.0706 0.0706 0.0592 0.0815 0.12   0.2991 0.1037 0.8069 0.0511
 0.0815 0.061  0.0601 0.0558 0.0726 0.0792 0.1993 0.0901 0.0953 0.1037
 0.0558 0.0558 0.0619 0.7677 0.0706]"	156
[0. 0. 0. 0. 1. 0. 0. 0. 0.]	"[0.0888 0.0666 0.0839 0.0592 0.721  0.0637 0.3486 0.0748 0.216  0.0628
 0.721  0.0575 0.0953 0.0534 0.0726 0.094  0.151  0.0748 0.0839 0.0748
 0.0675 0.0619 0.0534 0.1919 0.0781]"	157
[0. 0. 1. 0. 0. 0. 0. 0. 0.]	"[0.0695 0.0716 0.0888 0.0914 0.0901 0.2942 0.7432 0.2422 0.1883 0.0759
 0.0781 0.0583 0.0675 0.0526 0.0863 0.0888 0.4263 0.1778 0.0675 0.0927
 0.1009 0.0706 0.1895 0.1471 0.0592]"	158
[0. 0. 0. 0. 1. 0. 0. 0. 0.]	"[0.0804 0.0876 0.0888 0.0781 0.8775 0.0863 0.1128 0.0901 0.1037 0.0706
 0.4668 0.5072 0.1312 0.0647 0.0901 0.0726 0.0914 0.0628 0.0792 0.0901
 0.0815 0.0706 0.0759 0.0995 0.0827]"	159
[0. 0. 0. 0. 1. 0. 0. 0. 0.]	"[0.0827 0.0863 0.1023 0.0804 0.8439 0.0851 0.1259 0.1112 0.1217 0.077
 0.2713 0.6697 0.1225 0.0637 0.0967 0.0737 0.1023 0.0628 0.0827 0.1052
 0.0863 0.0666 0.0851 0.1217 0.0863]"	160
[0. 0. 0. 0. 0. 1. 0. 0. 1.]	"[0.0526 0.0726 0.0851 0.0575 0.3049 0.0737 0.5516 0.3311 0.1744 0.0726
 0.1112 0.0637 0.1192 0.0518 0.1097 0.1968 0.2056 0.0619 0.0415 0.1128
 0.2043 0.0748 0.1294 0.0851 0.12  ]"	161
[0. 0. 0. 0. 0. 1. 0. 0. 0.]	"[0.1919 0.0601 0.061  0.0601 0.0804 0.133  0.3923 0.1082 0.6261 0.0489
 0.0706 0.0518 0.0695 0.0489 0.0628 0.0685 0.1624 0.1037 0.0851 0.0815
 0.0534 0.0454 0.0981 0.5492 0.061 ]"	162
[0. 0. 0. 0. 0. 0. 0. 1. 1.]	"[0.0804 0.0981 0.0675 0.0695 0.5789 0.0656 0.2282 0.22   0.2934 0.061
 0.1052 0.0827 0.3451 0.0656 0.0656 0.0685 0.1144 0.0489 0.0534 0.1778
 0.1285 0.0542 0.0628 0.2043 0.0804]"	163
[0. 0. 0. 1. 0. 0. 0. 0. 0.]	"[0.1009 0.0888 0.0781 0.0656 0.1613 0.1339 0.8311 0.0839 0.1128 0.0526
 0.1217 0.061  0.0876 0.0748 0.1357 0.1082 0.3191 0.0901 0.2862 0.0781
 0.0839 0.0666 0.0675 0.1128 0.0675]"	164
[0. 1. 0. 0. 0. 0. 0. 0. 0.]	"[0.0583 0.0827 0.077  0.0592 0.1624 0.22   0.7905 0.2121 0.2436 0.077
 0.1009 0.0675 0.0839 0.0706 0.1112 0.0914 0.5641 0.1097 0.0726 0.1112
 0.0851 0.0675 0.1744 0.1624 0.0685]"	165
[0. 0. 0. 0. 0. 0. 0. 1. 0.]	"[0.1023 0.0815 0.0685 0.0685 0.0953 0.2659 0.2689 0.0726 0.7506 0.0454
 0.0914 0.077  0.0827 0.0695 0.0619 0.0592 0.1176 0.0981 0.1541 0.0726
 0.0434 0.0542 0.0675 0.7114 0.0656]"	166
[0. 0. 0. 0. 0. 0. 0. 1. 0.]	"[0.0888 0.0839 0.0706 0.0695 0.1009 0.2187 0.2006 0.1413 0.8578 0.0534
 0.0706 0.0792 0.1009 0.0637 0.061  0.0675 0.1037 0.1209 0.1375 0.0815
 0.0575 0.0666 0.1259 0.8176 0.0804]"	167
[0. 0. 0. 0. 0. 1. 0. 0. 0.]	"[0.0647 0.0851 0.1968 0.1097 0.32   0.1097 0.3251 0.461  0.116  0.1582
 0.077  0.0716 0.3065 0.0474 0.0706 0.0967 0.1645 0.0695 0.044  0.094
 0.3398 0.094  0.1385 0.0759 0.094 ]"	168
[0. 0. 0. 0. 0. 0. 0. 0. 1.]	"[0.0526 0.0781 0.0804 0.0781 0.4908 0.0619 0.6334 0.2268 0.1009 0.0716
 0.1037 0.0685 0.1634 0.0518 0.2043 0.0888 0.3346 0.0534 0.0496 0.094
 0.1285 0.0876 0.0685 0.0781 0.0685]"	169
[0. 0. 0. 0. 0. 0. 0. 1. 0.]	"[0.077  0.0726 0.0706 0.0901 0.1112 0.094  0.2775 0.654  0.5004 0.061
 0.1023 0.061  0.0716 0.0558 0.0656 0.0927 0.1128 0.077  0.0619 0.5655
 0.1277 0.0542 0.1907 0.3956 0.0726]"	170
[0. 0. 0. 0. 0. 0. 0. 0. 1.]	"[0.0981 0.0583 0.0583 0.0481 0.4975 0.061  0.3576 0.2393 0.2494 0.0481
 0.384  0.0518 0.0981 0.0467 0.055  0.0888 0.1403 0.0489 0.0503 0.153
 0.1441 0.0526 0.077  0.1848 0.1009]"	171
[0. 0. 0. 0. 0. 0. 0. 0. 1.]	"[0.0534 0.0781 0.0601 0.0656 0.414  0.055  0.1944 0.2422 0.5593 0.0489
 0.1082 0.0619 0.2295 0.0526 0.0592 0.0637 0.1357 0.0503 0.0526 0.2018
 0.0927 0.0534 0.0628 0.413  0.0851]"	172
[0. 0. 0. 0. 0. 0. 0. 1. 0.]	"[0.0927 0.0726 0.0706 0.0601 0.0839 0.1848 0.3049 0.0827 0.7663 0.0503
 0.0792 0.0647 0.0706 0.0592 0.0666 0.0656 0.2006 0.0967 0.0804 0.0666
 0.055  0.0474 0.0827 0.6918 0.0628]"	173
[1. 0. 0. 0. 0. 0. 0. 0. 0.]	"[0.1217 0.0804 0.0575 0.3478 0.0748 0.1009 0.287  0.3099 0.2854 0.0489
 0.0656 0.0373 0.0695 0.0454 0.0511 0.0781 0.1082 0.0995 0.0695 0.152
 0.0901 0.0716 0.0967 0.1883 0.0592]"	174
[0. 0. 0. 1. 0. 0. 0. 0. 0.]	"[0.0628 0.0726 0.1023 0.0601 0.3984 0.0995 0.7491 0.1009 0.1357 0.0583
 0.3603 0.0526 0.1009 0.055  0.0953 0.1144 0.2902 0.0815 0.2006 0.0737
 0.1009 0.0647 0.0656 0.1112 0.0647]"	175
[0. 0. 0. 0. 0. 0. 0. 0. 1.]	"[0.0427 0.0863 0.0815 0.0716 0.7402 0.0656 0.309  0.248  0.1385 0.0759
 0.1993 0.0815 0.3234 0.0656 0.0815 0.0656 0.2379 0.0542 0.0542 0.094
 0.1848 0.0748 0.0815 0.1112 0.0839]"	176
[0. 0. 0. 0. 0. 0. 0. 0. 1.]	"[0.0567 0.2006 0.0953 0.1052 0.521  0.0759 0.1824 0.4012 0.1348 0.0792
 0.0953 0.0637 0.4615 0.0666 0.0851 0.0656 0.1217 0.0534 0.0637 0.0876
 0.3979 0.0927 0.0815 0.0656 0.1144]"	177
[0. 0. 0. 0. 1. 0. 0. 0. 0.]	"[0.0685 0.0967 0.12   0.0981 0.8333 0.0901 0.1294 0.149  0.0995 0.0953
 0.153  0.7476 0.1321 0.0695 0.1067 0.0804 0.094  0.0706 0.0804 0.1112
 0.1144 0.0716 0.1112 0.0888 0.0876]"	178
[0. 0. 0. 0. 1. 0. 0. 0. 0.]	"[0.0575 0.0503 0.0804 0.0647 0.721  0.0583 0.2365 0.15   0.2082 0.0675
 0.603  0.061  0.1285 0.0503 0.0592 0.0851 0.1285 0.0592 0.0518 0.0706
 0.1357 0.0558 0.0675 0.1176 0.1097]"	179
[0. 0. 0. 0. 0. 0. 0. 1. 0.]	"[0.0737 0.0815 0.0863 0.1052 0.1993 0.1422 0.8019 0.0981 0.1339 0.0716
 0.1471 0.0583 0.1052 0.0656 0.1067 0.1052 0.4092 0.0851 0.1394 0.0827
 0.0851 0.0656 0.0716 0.1144 0.0675]"	180
[0. 0. 0. 0. 0. 0. 0. 0. 1.]	"[0.0863 0.1097 0.0759 0.1268 0.7827 0.0716 0.1722 0.1645 0.116  0.061
 0.1403 0.0927 0.423  0.0716 0.077  0.061  0.12   0.0526 0.0592 0.1451
 0.1037 0.0647 0.0567 0.0914 0.0592]"	181
[0. 0. 1. 0. 0. 1. 0. 0. 0.]	"[0.1037 0.0759 0.0792 0.1848 0.1082 0.0839 0.3766 0.4805 0.4583 0.0637
 0.1082 0.0489 0.0737 0.0601 0.061  0.0759 0.1711 0.1277 0.1321 0.4805
 0.0695 0.0619 0.0675 0.3919 0.0601]"	182
[0. 0. 0. 0. 0. 1. 0. 0. 0.]	"[0.077  0.0792 0.0706 0.0666 0.1907 0.1052 0.1592 0.1461 0.8408 0.0558
 0.1052 0.0637 0.1541 0.0601 0.0558 0.0619 0.0914 0.077  0.0518 0.116
 0.0619 0.0474 0.1303 0.7154 0.0804]"	183
[0. 0. 0. 0. 0. 0. 0. 0. 1.]	"[0.0567 0.0815 0.0637 0.0706 0.434  0.0496 0.2422 0.2975 0.4354 0.0467
 0.1037 0.0726 0.1907 0.0481 0.0558 0.0601 0.1968 0.046  0.0503 0.2254
 0.1009 0.061  0.0575 0.3381 0.0675]"	184
[0. 0. 0. 0. 0. 0. 0. 1. 0.]	"[0.0995 0.0737 0.0804 0.0737 0.0815 0.0981 0.2187 0.0827 0.8439 0.0583
 0.0815 0.0637 0.0675 0.0489 0.0748 0.0759 0.1592 0.0851 0.0748 0.0815
 0.0542 0.0542 0.0695 0.8032 0.0748]"	185
[0. 0. 1. 0. 0. 0. 0. 1. 0.]	"[0.0967 0.061  0.0601 0.0888 0.0815 0.2214 0.2568 0.1956 0.705  0.046
 0.0815 0.0534 0.0685 0.0675 0.0619 0.0726 0.1907 0.0792 0.0716 0.1755
 0.0489 0.046  0.0815 0.691  0.061 ]"	186
[0. 0. 0. 0. 0. 0. 0. 1. 0.]	"[0.0901 0.0851 0.0619 0.0995 0.1778 0.0726 0.2854 0.4574 0.4407 0.0503
 0.0685 0.0503 0.1461 0.0518 0.0726 0.0628 0.216  0.0575 0.061  0.4574
 0.0901 0.0511 0.0619 0.4149 0.0666]"	187
[0. 0. 0. 0. 0. 0. 0. 0. 1.]	"[0.0695 0.1052 0.1037 0.1294 0.7592 0.0575 0.1711 0.1441 0.1023 0.0888
 0.1778 0.0815 0.373  0.0575 0.0804 0.0637 0.1234 0.061  0.0558 0.0851
 0.1128 0.0839 0.0542 0.0781 0.061 ]"	188
[0. 1. 0. 0. 0. 0. 0. 0. 0.]	"[0.0583 0.0496 0.0863 0.061  0.3766 0.1067 0.6558 0.1541 0.2408 0.061
 0.2436 0.0542 0.1394 0.0496 0.0583 0.1209 0.3259 0.0759 0.0583 0.0726
 0.1097 0.0628 0.116  0.1403 0.0863]"	189
[0. 0. 0. 0. 0. 0. 0. 0. 1.]	"[0.077  0.2227 0.0675 0.0781 0.6211 0.0675 0.2351 0.2056 0.22   0.0583
 0.0863 0.0726 0.4525 0.0675 0.0685 0.0656 0.1422 0.0489 0.0695 0.1645
 0.1551 0.0656 0.0695 0.1413 0.0759]"	190
[0. 0. 0. 0. 0. 0. 0. 0. 1.]	"[0.0575 0.0927 0.0685 0.094  0.5775 0.0592 0.1689 0.3998 0.149  0.0656
 0.3469 0.0619 0.2644 0.0583 0.0619 0.0685 0.094  0.0481 0.055  0.1192
 0.3648 0.0619 0.0901 0.0726 0.1112]"	191
[0. 0. 0. 0. 0. 0. 0. 0. 1.]	"[0.0592 0.0995 0.0815 0.1067 0.867  0.0863 0.1225 0.1656 0.116  0.0748
 0.1645 0.1097 0.5851 0.0781 0.0781 0.0675 0.1009 0.0637 0.0637 0.1082
 0.1097 0.077  0.0901 0.1052 0.0675]"	192
[0. 0. 0. 0. 0. 1. 0. 0. 0.]	"[0.0666 0.0666 0.077  0.0914 0.5665 0.0792 0.4187 0.1471 0.1422 0.0695
 0.3099 0.1321 0.1294 0.0427 0.0695 0.0737 0.1968 0.055  0.0558 0.0981
 0.1128 0.0496 0.0839 0.094  0.0792]"	193
[0. 0. 0. 0. 0. 0. 0. 1. 0.]	"[0.17   0.0927 0.0656 0.0647 0.077  0.1176 0.4087 0.0901 0.5588 0.0481
 0.077  0.0716 0.0474 0.0619 0.0815 0.0726 0.2886 0.0827 0.094  0.0901
 0.0489 0.0518 0.0496 0.5366 0.0685]"	194
[1. 0. 0. 0. 0. 0. 0. 0. 0.]	"[0.1023 0.1082 0.0967 0.7866 0.1209 0.1023 0.1461 0.0953 0.0995 0.0815
 0.0876 0.0888 0.0706 0.0748 0.1234 0.0914 0.0901 0.094  0.0851 0.0792
 0.0666 0.0737 0.0706 0.0839 0.0792]"	195
[0. 0. 0. 1. 0. 0. 0. 0. 0.]	"[0.1097 0.1144 0.12   0.1023 0.1403 0.1451 0.849  0.116  0.2056 0.0851
 0.1128 0.0695 0.1067 0.1037 0.1441 0.0953 0.1348 0.1312 0.8245 0.1082
 0.0888 0.1097 0.0888 0.2056 0.1067]"	196
[0. 0. 0. 1. 0. 0. 0. 0. 0.]	"[0.0927 0.0901 0.0901 0.0726 0.15   0.15   0.851  0.0981 0.1432 0.0567
 0.1441 0.0567 0.0827 0.077  0.1217 0.1097 0.216  0.1052 0.587  0.0967
 0.0981 0.0781 0.0815 0.1432 0.0737]"	197
[0. 1. 0. 0. 0. 0. 0. 0. 0.]	"[0.0628 0.0737 0.0863 0.0666 0.1767 0.15   0.8019 0.0927 0.1551 0.0583
 0.1413 0.0675 0.0888 0.0628 0.0827 0.094  0.5055 0.0863 0.1824 0.0666
 0.0927 0.0716 0.0706 0.1082 0.0675]"	198
[0. 0. 0. 0. 0. 0. 0. 1. 0.]	"[0.0914 0.0695 0.077  0.0748 0.0804 0.1268 0.2926 0.0953 0.8311 0.0567
 0.0804 0.0675 0.0592 0.0518 0.0827 0.0815 0.2187 0.0914 0.0716 0.0815
 0.0575 0.0496 0.0953 0.7827 0.0748]"	199
[0. 0. 0. 0. 1. 0. 0. 0. 0.]	"[0.0981 0.0851 0.0792 0.0726 0.8233 0.0759 0.1634 0.0827 0.1242 0.0675
 0.8152 0.0901 0.0981 0.0647 0.0804 0.0737 0.1128 0.0781 0.0839 0.0781
 0.0827 0.0666 0.0558 0.1052 0.0914]"	200
[0. 0. 0. 0. 0. 0. 0. 0. 1.]	"[0.0792 0.0981 0.0876 0.1192 0.78   0.0827 0.1097 0.1603 0.1432 0.0737
 0.1744 0.1192 0.3858 0.0827 0.0716 0.0628 0.0901 0.0647 0.055  0.1067
 0.1176 0.0759 0.077  0.1112 0.077 ]"	201
[0. 0. 0. 0. 0. 0. 0. 1. 0.]	"[0.1052 0.0759 0.0827 0.0726 0.0759 0.1097 0.1993 0.0851 0.8606 0.061
 0.0737 0.0666 0.0716 0.0542 0.077  0.077  0.1422 0.0876 0.0748 0.0815
 0.055  0.0542 0.0815 0.8187 0.0748]"	202
[0. 0. 0. 0. 0. 0. 0. 1. 0.]	"[0.1285 0.0781 0.0863 0.0759 0.0792 0.0901 0.2134 0.0914 0.852  0.0628
 0.0792 0.0675 0.0675 0.0503 0.0827 0.0839 0.1375 0.0815 0.0726 0.0839
 0.061  0.0567 0.0827 0.8233 0.0792]"	203
[0. 0. 0. 0. 0. 1. 0. 0. 0.]	"[0.077  0.0726 0.0706 0.1009 0.2082 0.0748 0.2759 0.554  0.2337 0.0558
 0.1848 0.0534 0.0863 0.0542 0.0675 0.1037 0.1023 0.055  0.0583 0.1112
 0.5172 0.0748 0.1009 0.0981 0.1895]"	204
[0. 0. 0. 1. 0. 0. 0. 1. 0.]	"[0.0995 0.0759 0.0927 0.0706 0.151  0.1128 0.8679 0.1037 0.133  0.0685
 0.151  0.0628 0.0695 0.0737 0.1128 0.1217 0.3115 0.1009 0.4092 0.0888
 0.1037 0.0647 0.0792 0.1303 0.0827]"	205
[0. 1. 0. 0. 0. 0. 0. 0. 0.]	"[0.0888 0.0804 0.0815 0.0748 0.1192 0.1755 0.8652 0.094  0.1603 0.0583
 0.1192 0.061  0.0815 0.0685 0.0876 0.0888 0.3531 0.1023 0.4422 0.0839
 0.094  0.0726 0.0706 0.1471 0.0726]"	206
[0. 0. 0. 0. 0. 0. 0. 1. 0.]	"[0.0876 0.0748 0.0804 0.0675 0.0792 0.1176 0.346  0.0863 0.7982 0.055
 0.0792 0.0637 0.0647 0.0489 0.0815 0.0759 0.2351 0.0914 0.0804 0.0781
 0.0619 0.0511 0.0827 0.7506 0.0695]"	207
[0. 1. 0. 0. 0. 0. 0. 0. 0.]	"[0.1357 0.1082 0.1052 0.1242 0.1968 0.1082 0.8366 0.1268 0.148  0.1052
 0.1968 0.0675 0.0716 0.1082 0.179  0.5336 0.2365 0.1176 0.1251 0.1268
 0.094  0.0781 0.1037 0.1422 0.1067]"	208
[0. 1. 0. 0. 0. 0. 0. 0. 0.]	"[0.1582 0.1385 0.0685 0.0953 0.3174 0.0666 0.4919 0.15   0.0716 0.0542
 0.0888 0.0628 0.116  0.0583 0.1993 0.1192 0.152  0.0567 0.0542 0.0666
 0.1225 0.0927 0.0583 0.0647 0.0675]"	209
[0. 1. 0. 0. 0. 0. 0. 0. 0.]	"[0.0851 0.0583 0.0567 0.0748 0.0981 0.3311 0.5467 0.179  0.3442 0.0503
 0.0716 0.055  0.0901 0.0716 0.0706 0.0901 0.2862 0.0876 0.0695 0.1209
 0.0637 0.0526 0.1176 0.32   0.0503]"	210
[0. 0. 0. 0. 0. 1. 0. 0. 0.]	"[0.046  0.0685 0.0839 0.2337 0.2628 0.1592 0.3585 0.291  0.1348 0.0737
 0.0914 0.0489 0.1848 0.046  0.0619 0.0656 0.1375 0.0759 0.0427 0.0716
 0.1441 0.0583 0.1571 0.0901 0.0583]"	211
[0. 0. 0. 0. 0. 0. 0. 1. 0.]	"[0.1339 0.1009 0.0876 0.0863 0.0863 0.1067 0.1432 0.0981 0.8948 0.0656
 0.0863 0.0748 0.0863 0.0575 0.0748 0.0815 0.1009 0.0901 0.0781 0.0981
 0.0575 0.061  0.0759 0.8625 0.0851]"	212
[0. 1. 0. 0. 1. 1. 0. 0. 0.]	"[0.1357 0.0981 0.0759 0.0792 0.1634 0.116  0.6775 0.149  0.1645 0.0737
 0.1582 0.0995 0.055  0.0706 0.1242 0.1112 0.3821 0.0863 0.0781 0.149
 0.0927 0.0628 0.0827 0.1441 0.0726]"	213
[0. 0. 0. 0. 0. 1. 0. 0. 0.]	"[0.055  0.1112 0.0716 0.0851 0.4467 0.0851 0.2744 0.4211 0.1824 0.0628
 0.0716 0.0526 0.4467 0.061  0.0647 0.0981 0.1432 0.0421 0.0592 0.1251
 0.3107 0.0675 0.1037 0.1023 0.1082]"	214
[0. 0. 0. 0. 1. 0. 0. 0. 0.]	"[0.0656 0.0601 0.0675 0.0575 0.6993 0.077  0.3285 0.1009 0.2775 0.0534
 0.6993 0.0558 0.0876 0.0503 0.0748 0.0759 0.1907 0.0737 0.0637 0.1009
 0.0716 0.0511 0.0592 0.2351 0.0706]"	215
[0. 0. 0. 0. 0. 0. 0. 0. 1.]	"[0.0534 0.1413 0.0656 0.0637 0.5336 0.151  0.287  0.2999 0.1931 0.0526
 0.0792 0.0759 0.3549 0.0628 0.0706 0.0619 0.1645 0.0666 0.0474 0.1082
 0.1128 0.1023 0.1251 0.1624 0.0592]"	216
[0. 1. 0. 0. 0. 0. 0. 0. 0.]	"[0.1023 0.0888 0.061  0.2241 0.1176 0.3675 0.4984 0.1128 0.0759 0.0542
 0.0592 0.0592 0.0863 0.0888 0.1176 0.0863 0.1144 0.0914 0.0914 0.0583
 0.0804 0.0716 0.1037 0.0737 0.055 ]"	217
[0. 0. 0. 0. 0. 0. 0. 1. 0.]	"[0.1097 0.0759 0.0827 0.0781 0.0792 0.0967 0.1836 0.0888 0.8723 0.0583
 0.0781 0.0656 0.0726 0.0534 0.0839 0.0804 0.1285 0.0815 0.0695 0.0888
 0.0601 0.055  0.0863 0.8289 0.0839]"	218
[0. 0. 0. 0. 0. 1. 0. 0. 0.]	"[0.0927 0.0675 0.0876 0.0695 0.2583 0.0592 0.2451 0.4729 0.3425 0.0628
 0.2436 0.0583 0.1023 0.0534 0.0619 0.1357 0.0827 0.055  0.0518 0.0981
 0.4729 0.0695 0.0927 0.1321 0.2465]"	219
[0. 0. 0. 0. 0. 0. 0. 1. 0.]	"[0.0454 0.0592 0.0759 0.0496 0.3372 0.1592 0.5751 0.0637 0.4297 0.0474
 0.283  0.0656 0.1366 0.0558 0.0583 0.0656 0.3398 0.0804 0.1176 0.0511
 0.0637 0.055  0.0637 0.2323 0.061 ]"	220
[0. 0. 0. 0. 0. 0. 0. 1. 0.]	"[0.0748 0.1067 0.0716 0.1824 0.2798 0.0695 0.272  0.5908 0.1461 0.0675
 0.0666 0.0567 0.2583 0.0656 0.0748 0.0685 0.2018 0.0542 0.0647 0.5049
 0.1824 0.0592 0.0876 0.1217 0.0675]"	221
[0. 0. 0. 0. 0. 1. 0. 0. 0.]	"[0.0792 0.0839 0.0927 0.0792 0.248  0.0792 0.2295 0.78   0.1836 0.0876
 0.1023 0.0647 0.1919 0.0666 0.0716 0.0927 0.1357 0.0675 0.0737 0.6487
 0.2674 0.0804 0.1112 0.1339 0.077 ]"	222
[0. 0. 0. 0. 0. 0. 0. 0. 1.]	"[0.0558 0.0953 0.0759 0.1067 0.8568 0.0748 0.1259 0.133  0.1259 0.0695
 0.1895 0.1176 0.4783 0.0748 0.0781 0.0619 0.1097 0.0666 0.0619 0.0914
 0.1009 0.0726 0.0901 0.1052 0.0706]"	223
[0. 0. 0. 1. 0. 0. 0. 0. 0.]	"[0.0792 0.0839 0.0888 0.0726 0.1285 0.15   0.848  0.0953 0.1366 0.0592
 0.1277 0.061  0.077  0.0656 0.1082 0.0981 0.3891 0.1023 0.4125 0.0876
 0.0953 0.0685 0.0737 0.1357 0.0716]"	224
[0. 0. 0. 1. 0. 0. 0. 0. 0.]	"[0.0815 0.0706 0.0995 0.0706 0.2689 0.0804 0.8056 0.0995 0.1403 0.0558
 0.2509 0.0511 0.0726 0.0601 0.0995 0.1144 0.2613 0.0781 0.2583 0.0804
 0.0995 0.0628 0.0695 0.1192 0.0737]"	225
[0. 0. 0. 0. 0. 1. 0. 0. 0.]	"[0.4168 0.1067 0.077  0.133  0.373  0.0685 0.1755 0.1471 0.077  0.0666
 0.0927 0.0675 0.2494 0.0628 0.0839 0.077  0.0981 0.0558 0.0575 0.1217
 0.1052 0.0474 0.0575 0.0716 0.0685]"	226
[0. 0. 0. 0. 0. 0. 0. 1. 0.]	"[0.077  0.0748 0.0759 0.0567 0.0981 0.0914 0.3886 0.0804 0.7691 0.0503
 0.0967 0.0518 0.0706 0.0474 0.0726 0.0695 0.2697 0.0827 0.0748 0.0804
 0.0656 0.0583 0.0666 0.6424 0.0716]"	227
[0. 0. 0. 0. 0. 0. 0. 1. 1.]	"[0.0827 0.1023 0.0748 0.0995 0.2568 0.0792 0.7461 0.2018 0.1744 0.0619
 0.1052 0.0726 0.0901 0.0601 0.1801 0.0914 0.5964 0.0716 0.0685 0.1907
 0.0888 0.0558 0.0781 0.1722 0.0619]"	228
[0. 1. 1. 0. 0. 0. 0. 0. 1.]	"[0.0706 0.0685 0.0695 0.0781 0.1993 0.3398 0.3933 0.4521 0.2173 0.0695
 0.1052 0.077  0.094  0.0619 0.0726 0.0995 0.1871 0.0995 0.0526 0.077
 0.1394 0.0628 0.4521 0.1375 0.0839]"	229
[0. 0. 0. 0. 0. 1. 0. 0. 0.]	"[0.2241 0.0888 0.0804 0.2108 0.0781 0.0748 0.216  0.7677 0.3416 0.0706
 0.0781 0.0695 0.0592 0.0675 0.0706 0.094  0.1312 0.1037 0.0927 0.7074
 0.1009 0.0876 0.1176 0.3174 0.0695]"	230
[0. 0. 0. 0. 0. 1. 0. 0. 0.]	"[0.1259 0.0666 0.1144 0.4216 0.094  0.1176 0.5105 0.1836 0.2134 0.094
 0.0827 0.0542 0.0726 0.0567 0.0995 0.1067 0.1082 0.2121 0.0967 0.1067
 0.0781 0.0716 0.1097 0.1451 0.0666]"	231
[0. 0. 0. 0. 0. 0. 1. 0. 0.]	"[0.1234 0.0737 0.0737 0.3277 0.1009 0.1422 0.3372 0.2082 0.1592 0.0601
 0.0567 0.0421 0.0953 0.046  0.0726 0.0726 0.116  0.0839 0.0628 0.0995
 0.0863 0.0558 0.1217 0.116  0.0518]"	232
[0. 0. 0. 0. 0. 0. 0. 1. 0.]	"[0.0851 0.061  0.0726 0.0496 0.1824 0.0876 0.405  0.179  0.6851 0.0511
 0.1023 0.0474 0.1375 0.0421 0.0558 0.0863 0.1561 0.0815 0.0558 0.0967
 0.0888 0.0447 0.15   0.5566 0.0863]"	233
[0. 0. 0. 0. 0. 0. 0. 0. 1.]	"[0.0592 0.149  0.0716 0.077  0.6715 0.0953 0.1678 0.3407 0.1571 0.0567
 0.0827 0.0656 0.6379 0.0706 0.0792 0.0637 0.0981 0.0481 0.0759 0.12
 0.2147 0.0815 0.1067 0.1176 0.0815]"	234
[0. 0. 0. 0. 0. 0. 0. 1. 0.]	"[0.7649 0.0914 0.0804 0.0851 0.0927 0.0927 0.1634 0.077  0.2254 0.0695
 0.0737 0.0716 0.077  0.0716 0.0685 0.0628 0.1052 0.0953 0.0967 0.0737
 0.077  0.0619 0.0675 0.2214 0.077 ]"	235
[0. 1. 0. 0. 0. 0. 0. 0. 0.]	"[0.0726 0.0685 0.0759 0.0695 0.1112 0.4615 0.5472 0.2043 0.1217 0.0542
 0.0716 0.0675 0.0737 0.0656 0.0706 0.0695 0.2814 0.1294 0.0967 0.0781
 0.094  0.0583 0.1778 0.0995 0.0481]"	236
[0. 0. 0. 0. 0. 0. 1. 0. 0.]	"[0.152  0.077  0.046  0.0706 0.1176 0.2494 0.4564 0.1294 0.3208 0.0434
 0.0647 0.0518 0.0914 0.0542 0.0759 0.0567 0.2323 0.077  0.0647 0.1112
 0.0526 0.0467 0.116  0.2934 0.0496]"	237
[0. 0. 0. 0. 0. 0. 0. 1. 0.]	"[0.0888 0.0748 0.0815 0.0815 0.0815 0.1037 0.1733 0.116  0.851  0.055
 0.0804 0.0619 0.0781 0.0447 0.0685 0.0851 0.1128 0.0792 0.0695 0.0839
 0.061  0.0558 0.116  0.8129 0.0839]"	238
[0. 0. 0. 0. 1. 0. 0. 0. 0.]	"[0.0647 0.0628 0.0716 0.0726 0.7549 0.0706 0.2173 0.1403 0.153  0.0619
 0.7287 0.0601 0.116  0.0567 0.0666 0.0827 0.1128 0.0666 0.0619 0.0759
 0.1251 0.0592 0.0685 0.1097 0.1037]"	239
[0. 0. 0. 0. 0. 0. 0. 1. 0.]	"[0.0748 0.0656 0.0726 0.0637 0.0967 0.0888 0.3425 0.1023 0.7982 0.0496
 0.0967 0.0542 0.0759 0.044  0.0675 0.0716 0.2379 0.0863 0.0695 0.0804
 0.0637 0.0592 0.0901 0.6843 0.0726]"	240
[0. 0. 0. 0. 0. 0. 0. 1. 0.]	"[0.0995 0.0685 0.0511 0.0839 0.1067 0.1339 0.6352 0.2408 0.2958 0.0511
 0.1052 0.0481 0.0792 0.0467 0.0716 0.0851 0.3513 0.0863 0.0748 0.1571
 0.1023 0.0601 0.0953 0.2241 0.0619]"	241
[0. 0. 0. 0. 0. 0. 0. 1. 0.]	"[0.0927 0.0685 0.0726 0.0637 0.0781 0.1242 0.3451 0.1176 0.7969 0.0526
 0.0781 0.0592 0.0737 0.0434 0.0628 0.0815 0.2043 0.1037 0.0851 0.0737
 0.0601 0.0583 0.1176 0.7122 0.0706]"	242
[0. 0. 0. 0. 0. 0. 0. 0. 1.]	"[0.0434 0.0851 0.0804 0.1009 0.8141 0.094  0.2282 0.1678 0.1009 0.077
 0.1689 0.0839 0.4369 0.0748 0.0863 0.0619 0.133  0.0526 0.0575 0.0827
 0.1217 0.0716 0.0967 0.0876 0.0647]"	243
[0. 0. 0. 0. 0. 1. 0. 0. 0.]	"[0.1144 0.0695 0.0647 0.0637 0.1403 0.5055 0.3398 0.2524 0.1689 0.0558
 0.0637 0.0695 0.1217 0.0737 0.0685 0.0748 0.1294 0.0914 0.0685 0.0815
 0.0953 0.0666 0.2121 0.1451 0.055 ]"	244
[0. 0. 0. 0. 0. 0. 0. 0. 1.]	"[0.0953 0.6086 0.0927 0.1624 0.3141 0.1097 0.1667 0.22   0.1176 0.0628
 0.0737 0.0967 0.2524 0.0748 0.1023 0.0666 0.1385 0.0851 0.0726 0.0967
 0.149  0.1461 0.1052 0.1009 0.0716]"	245
[0. 0. 0. 0. 0. 0. 0. 0. 1.]	"[0.8044 0.1067 0.0863 0.094  0.1176 0.0914 0.1403 0.1128 0.1097 0.0827
 0.0863 0.0851 0.0927 0.0716 0.0851 0.0888 0.0851 0.0748 0.0901 0.0981
 0.0967 0.0748 0.0851 0.1097 0.0737]"	246
[0. 0. 0. 0. 0. 0. 0. 0. 1.]	"[0.0901 0.1097 0.0706 0.1037 0.7564 0.077  0.152  0.1394 0.1722 0.0628
 0.148  0.1067 0.3486 0.077  0.0748 0.0619 0.0995 0.0592 0.0534 0.1225
 0.0914 0.0706 0.0656 0.1366 0.0656]"	247
[0. 0. 0. 0. 0. 0. 0. 1. 0.]	"[0.1037 0.0726 0.0748 0.0666 0.094  0.0914 0.2598 0.0914 0.821  0.0558
 0.094  0.0583 0.0575 0.0503 0.0839 0.0792 0.1836 0.0863 0.0716 0.0914
 0.0592 0.0534 0.0716 0.78   0.0748]"	248
[0. 0. 0. 0. 0. 1. 0. 0. 0.]	"[0.0474 0.1144 0.12   0.1082 0.4625 0.1234 0.4154 0.2814 0.1678 0.1052
 0.0995 0.0601 0.3107 0.061  0.0888 0.0876 0.1968 0.0726 0.0434 0.0542
 0.1634 0.1432 0.1413 0.0863 0.0748]"	249
[0. 0. 0. 0. 0. 0. 0. 1. 0.]	"[0.1144 0.0851 0.0804 0.1394 0.1277 0.0914 0.3868 0.7621 0.2187 0.0792
 0.0995 0.0637 0.0863 0.0716 0.116  0.0981 0.287  0.077  0.0792 0.7621
 0.1128 0.0685 0.1009 0.2187 0.061 ]"	250
[0. 0. 0. 0. 1. 0. 0. 0. 0.]	"[0.0748 0.0695 0.0863 0.0534 0.7326 0.0666 0.2524 0.0876 0.2902 0.061
 0.7326 0.0619 0.1112 0.0592 0.0685 0.0792 0.1907 0.0737 0.0656 0.0666
 0.0876 0.0647 0.0567 0.1645 0.1023]"	251
[0. 0. 0. 0. 0. 1. 0. 0. 0.]	"[0.1767 0.0914 0.1009 0.1613 0.1052 0.0759 0.2082 0.8007 0.4154 0.0851
 0.1052 0.0706 0.0706 0.0748 0.0815 0.1037 0.1277 0.1082 0.1037 0.7994
 0.094  0.0901 0.1176 0.3933 0.0759]"	252
[0. 0. 0. 0. 0. 0. 0. 1. 0.]	"[0.0737 0.0804 0.0675 0.0637 0.1192 0.0888 0.2539 0.0981 0.8439 0.0496
 0.1144 0.0628 0.0888 0.0489 0.0666 0.0666 0.1801 0.0815 0.0737 0.0981
 0.0637 0.0558 0.0647 0.7356 0.0804]"	253
[0. 0. 0. 0. 0. 0. 0. 0. 1.]	"[0.5922 0.1192 0.0815 0.1176 0.3115 0.0759 0.1394 0.0927 0.116  0.0804
 0.094  0.0839 0.1432 0.0726 0.0901 0.077  0.0981 0.0716 0.0695 0.0927
 0.0675 0.0619 0.0567 0.1052 0.061 ]"	254
[0. 0. 1. 0. 0. 0. 0. 0. 0.]	"[0.0526 0.0695 0.0759 0.0927 0.4776 0.1968 0.3975 0.4125 0.077  0.061
 0.0628 0.1551 0.2451 0.0583 0.0815 0.0927 0.1357 0.0534 0.0575 0.1192
 0.1931 0.0759 0.1895 0.0637 0.0675]"	255
[0. 0. 0. 0. 0. 0. 0. 1. 0.]	"[0.2323 0.0675 0.0706 0.0567 0.0953 0.0967 0.2524 0.0637 0.6766 0.0542
 0.0851 0.0583 0.0851 0.0503 0.0601 0.0695 0.1422 0.0888 0.0815 0.0583
 0.0511 0.0503 0.0637 0.6197 0.0759]"	256
[0. 0. 0. 0. 1. 0. 0. 0. 0.]	"[0.0863 0.0737 0.094  0.0592 0.7759 0.0737 0.2806 0.094  0.1285 0.0748
 0.7759 0.0695 0.1067 0.0619 0.0888 0.0953 0.1366 0.0804 0.0927 0.0675
 0.094  0.0647 0.0656 0.1009 0.0863]"	257
[0. 0. 0. 0. 0. 1. 0. 0. 0.]	"[0.055  0.0737 0.0706 0.0737 0.6487 0.0647 0.3337 0.2628 0.179  0.0675
 0.1722 0.0467 0.397  0.0526 0.0656 0.0781 0.1895 0.0481 0.0558 0.1375
 0.1689 0.0542 0.0759 0.1176 0.077 ]"	258
[0. 1. 0. 0. 0. 0. 0. 0. 0.]	"[0.1052 0.0685 0.0695 0.0927 0.2553 0.1981 0.5827 0.116  0.149  0.061
 0.0839 0.0619 0.1551 0.0619 0.0863 0.1144 0.22   0.0827 0.0583 0.0647
 0.0716 0.0511 0.1112 0.1144 0.0534]"	259
[0. 0. 0. 0. 0. 0. 0. 0. 1.]	"[0.0685 0.1009 0.0706 0.1128 0.8625 0.0981 0.1385 0.1582 0.1225 0.0656
 0.1422 0.1052 0.654  0.0863 0.0927 0.0726 0.1037 0.0628 0.077  0.1432
 0.0967 0.0781 0.1009 0.1225 0.0601]"	260
[0. 0. 0. 0. 0. 0. 0. 1. 0.]	"[0.0666 0.179  0.1112 0.0815 0.6558 0.0927 0.1871 0.1848 0.4173 0.1112
 0.0839 0.077  0.6558 0.0706 0.061  0.0716 0.1234 0.0851 0.0619 0.0558
 0.1656 0.0967 0.1451 0.2254 0.1112]"	261
[1. 0. 0. 0. 0. 0. 0. 0. 0.]	"[0.1128 0.1023 0.0804 0.7578 0.1097 0.0839 0.1209 0.1217 0.1711 0.0685
 0.0888 0.0737 0.0748 0.0685 0.1097 0.0863 0.0888 0.0851 0.0759 0.0914
 0.0792 0.0647 0.0656 0.1348 0.0815]"	262
[0. 0. 1. 0. 0. 0. 0. 0. 0.]	"[0.0575 0.061  0.0716 0.0792 0.4268 0.1931 0.4637 0.1432 0.1883 0.0503
 0.2846 0.0503 0.1689 0.0542 0.0592 0.0666 0.1294 0.077  0.0726 0.0592
 0.1009 0.0542 0.1385 0.1217 0.0619]"	263
[0. 1. 0. 0. 0. 0. 0. 0. 0.]	"[0.0695 0.0914 0.1023 0.1689 0.2728 0.1871 0.4574 0.116  0.1052 0.0726
 0.0981 0.0716 0.1112 0.0575 0.0981 0.0666 0.1836 0.0851 0.0518 0.0534
 0.0647 0.0876 0.0759 0.0748 0.0511]"	264
[0. 1. 0. 0. 0. 0. 0. 0. 0.]	"[0.1767 0.0953 0.0967 0.1052 0.1801 0.1037 0.8715 0.1268 0.1422 0.094
 0.1801 0.0601 0.0637 0.1037 0.1767 0.4869 0.2628 0.1277 0.1251 0.1268
 0.1097 0.0839 0.1023 0.1422 0.1009]"	265
[0. 0. 0. 0. 0. 0. 0. 1. 0.]	"[0.0851 0.0716 0.077  0.0695 0.0851 0.1112 0.3149 0.0914 0.8187 0.0583
 0.0851 0.0647 0.061  0.0481 0.0863 0.0759 0.2214 0.0953 0.0759 0.0839
 0.061  0.0518 0.0914 0.78   0.0716]"	266
[0. 0. 0. 0. 0. 0. 0. 1. 0.]	"[0.0716 0.094  0.0685 0.0726 0.3024 0.0534 0.3612 0.2494 0.4897 0.0474
 0.0888 0.0583 0.1634 0.046  0.0695 0.0647 0.2767 0.0518 0.0511 0.1968
 0.0995 0.061  0.0558 0.3775 0.0876]"	267
[0. 0. 1. 0. 0. 0. 0. 0. 0.]	"[0.0888 0.0792 0.077  0.1312 0.1303 0.2082 0.7025 0.1624 0.1225 0.061
 0.0901 0.0567 0.0759 0.0666 0.0827 0.1097 0.3522 0.1082 0.0815 0.0827
 0.0914 0.0675 0.1112 0.0888 0.0628]"	268
[0. 0. 0. 0. 1. 0. 0. 0. 0.]	"[0.077  0.0839 0.1432 0.0876 0.8529 0.0792 0.1357 0.1009 0.0888 0.1023
 0.4757 0.4902 0.1225 0.0526 0.0815 0.0558 0.1037 0.0647 0.0827 0.0927
 0.0759 0.0716 0.0748 0.0888 0.0759]"	269
[0. 0. 0. 0. 0. 0. 0. 1. 0.]	"[0.0967 0.0863 0.0901 0.0726 0.1037 0.0995 0.179  0.1067 0.8888 0.0583
 0.1037 0.0675 0.0737 0.0526 0.0804 0.0792 0.1277 0.094  0.0716 0.0981
 0.0637 0.0601 0.0827 0.8429 0.0901]"	270
[0. 0. 0. 1. 0. 0. 0. 0. 0.]	"[0.0792 0.0737 0.0827 0.0656 0.2241 0.153  0.8289 0.0876 0.1294 0.0542
 0.2082 0.055  0.0804 0.0695 0.0967 0.0981 0.2583 0.1009 0.4523 0.0876
 0.0851 0.0695 0.0695 0.1294 0.0656]"	271
[0. 0. 0. 0. 0. 0. 0. 1. 0.]	"[0.1422 0.0927 0.0876 0.0716 0.0901 0.094  0.1859 0.0927 0.8615 0.0601
 0.0901 0.0647 0.0716 0.0558 0.0804 0.0815 0.1268 0.0851 0.0685 0.0927
 0.0558 0.0575 0.0656 0.8333 0.0804]"	272
[1. 0. 0. 0. 0. 0. 0. 0. 0.]	"[0.0876 0.0967 0.0839 0.8187 0.1112 0.1144 0.1321 0.12   0.1394 0.0737
 0.0863 0.0839 0.0839 0.0792 0.1144 0.0888 0.0851 0.0839 0.0863 0.1009
 0.0781 0.0675 0.0781 0.1209 0.0901]"	273
[0. 0. 0. 0. 0. 1. 0. 0. 0.]	"[0.0511 0.1366 0.0839 0.1128 0.7969 0.1128 0.1722 0.2031 0.0863 0.0726
 0.0953 0.1023 0.5525 0.0748 0.0981 0.0575 0.1112 0.0628 0.0628 0.0876
 0.1251 0.0953 0.1176 0.0839 0.0558]"	274
[0. 0. 0. 1. 0. 0. 0. 0. 0.]	"[0.0706 0.0716 0.0967 0.0716 0.2728 0.1144 0.7879 0.0876 0.1294 0.0567
 0.2674 0.0496 0.0863 0.0534 0.077  0.1128 0.2934 0.094  0.2173 0.0695
 0.0876 0.0685 0.0706 0.1009 0.0647]"	275
[0. 1. 0. 0. 0. 0. 0. 0. 0.]	"[0.0901 0.0637 0.0592 0.0781 0.1603 0.2942 0.6689 0.1192 0.2814 0.0526
 0.151  0.0592 0.1052 0.061  0.0706 0.0863 0.3242 0.1403 0.0981 0.0656
 0.0706 0.0706 0.1023 0.1993 0.061 ]"	276
[0. 0. 0. 0. 0. 0. 0. 1. 0.]	"[0.0737 0.0737 0.077  0.0706 0.1112 0.3217 0.56   0.0716 0.4311 0.0427
 0.1009 0.0888 0.0792 0.077  0.077  0.0619 0.1968 0.1128 0.2705 0.0706
 0.0496 0.0558 0.0716 0.4092 0.0647]"	277
[0. 0. 0. 0. 0. 0. 0. 1. 0.]	"[0.1112 0.0759 0.0792 0.0737 0.0953 0.1052 0.2121 0.2121 0.7931 0.0489
 0.0953 0.0558 0.0637 0.0511 0.0656 0.0781 0.1432 0.0685 0.061  0.2121
 0.0567 0.0558 0.0781 0.7866 0.0685]"	278
[0. 0. 0. 0. 0. 1. 0. 0. 0.]	"[0.061  0.0575 0.0575 0.0656 0.384  0.061  0.5115 0.3259 0.1981 0.0575
 0.3294 0.0526 0.1009 0.0408 0.0656 0.0815 0.2214 0.0558 0.0489 0.1993
 0.1722 0.0496 0.0927 0.1294 0.0827]"	279
[0. 1. 0. 0. 0. 0. 0. 0. 0.]	"[0.0851 0.0637 0.0781 0.055  0.2393 0.0726 0.6211 0.3007 0.3141 0.0619
 0.216  0.0526 0.0685 0.0503 0.0726 0.216  0.1956 0.0706 0.0481 0.1394
 0.1755 0.0647 0.133  0.1993 0.1357]"	280
[0. 0. 0. 0. 0. 1. 0. 0. 0.]	"[0.1432 0.0804 0.0804 0.0706 0.1778 0.0851 0.851  0.1375 0.1824 0.0737
 0.1778 0.055  0.0827 0.0839 0.1144 0.3757 0.3469 0.1082 0.1097 0.1097
 0.1144 0.0759 0.1067 0.1645 0.1037]"	281
[0. 0. 0. 0. 0. 0. 0. 1. 0.]	"[0.0792 0.0647 0.0781 0.0666 0.1551 0.2878 0.4443 0.4458 0.1859 0.0637
 0.0637 0.0759 0.0995 0.0447 0.0706 0.077  0.17   0.0995 0.0601 0.0876
 0.1268 0.0675 0.4458 0.1348 0.0792]"	282
[0. 0. 0. 0. 0. 0. 0. 1. 0.]	"[0.0592 0.0583 0.0748 0.0575 0.6893 0.0737 0.3854 0.1259 0.2006 0.0575
 0.603  0.0526 0.1234 0.0542 0.0637 0.0876 0.1919 0.0619 0.0567 0.0792
 0.1128 0.0575 0.0685 0.1277 0.0927]"	283
[0. 0. 0. 0. 0. 0. 0. 1. 0.]	"[0.1192 0.0748 0.0759 0.0726 0.0815 0.1023 0.272  0.0804 0.8117 0.0567
 0.0815 0.061  0.0647 0.0503 0.0792 0.0792 0.1778 0.0876 0.0804 0.0804
 0.0558 0.0496 0.0666 0.7905 0.0737]"	284
[0. 0. 0. 0. 0. 0. 0. 0. 1.]	"[0.1082 0.6067 0.0981 0.1128 0.4463 0.0851 0.2227 0.2031 0.1339 0.0685
 0.1023 0.0863 0.2628 0.0851 0.1067 0.0804 0.1613 0.0706 0.0759 0.0953
 0.1656 0.148  0.0628 0.0981 0.0888]"	285
[0. 0. 0. 0. 0. 0. 0. 1. 0.]	"[0.3329 0.0737 0.0792 0.0592 0.1451 0.2241 0.3877 0.4012 0.1755 0.0695
 0.0716 0.061  0.1176 0.0542 0.0567 0.0863 0.1422 0.0995 0.0534 0.1023
 0.152  0.0575 0.2902 0.1571 0.0759]"	286
[0. 0. 0. 0. 0. 0. 1. 0. 0.]	"[0.0792 0.0647 0.2108 0.0759 0.3329 0.0863 0.3835 0.339  0.291  0.1541
 0.1778 0.0647 0.1993 0.044  0.0503 0.1176 0.1471 0.0827 0.044  0.0716
 0.2967 0.0827 0.1667 0.1259 0.1603]"	287
[0. 0. 0. 0. 0. 0. 0. 1. 0.]	"[0.1009 0.0781 0.0781 0.0748 0.0927 0.1112 0.2227 0.0792 0.8539 0.0534
 0.0851 0.0685 0.0748 0.0534 0.0737 0.0716 0.1461 0.0901 0.0815 0.0792
 0.0575 0.0542 0.0685 0.8007 0.077 ]"	288
[0. 0. 0. 0. 0. 0. 0. 1. 0.]	"[0.0695 0.0628 0.0706 0.0815 0.1767 0.0647 0.3157 0.5813 0.5123 0.0706
 0.1667 0.0518 0.0863 0.0489 0.0637 0.1037 0.1561 0.0737 0.0592 0.5366
 0.1251 0.0583 0.1082 0.3812 0.0815]"	289
[0. 0. 0. 0. 0. 1. 0. 0. 1.]	"[0.0534 0.0647 0.0601 0.0695 0.5988 0.0628 0.3648 0.2465 0.1348 0.0518
 0.4723 0.061  0.1176 0.046  0.0695 0.0901 0.153  0.0534 0.0503 0.0726
 0.2379 0.0601 0.0781 0.077  0.0995]"	290
[0. 0. 0. 0. 0. 0. 0. 0. 1.]	"[0.0781 0.1023 0.0792 0.1023 0.7621 0.0685 0.1859 0.1848 0.149  0.0666
 0.149  0.0888 0.4003 0.0685 0.0706 0.0583 0.133  0.0526 0.0511 0.1321
 0.12   0.0656 0.0592 0.1112 0.0656]"	291
[0. 0. 0. 0. 1. 1. 0. 0. 0.]	"[0.1217 0.0685 0.0619 0.0839 0.2553 0.1268 0.4857 0.17   0.1755 0.0592
 0.148  0.116  0.0637 0.0511 0.055  0.0804 0.2553 0.0759 0.0675 0.1023
 0.0914 0.0511 0.1067 0.1251 0.0815]"	292
[0. 0. 0. 0. 0. 0. 0. 1. 0.]	"[0.0666 0.077  0.0695 0.0656 0.1097 0.0953 0.272  0.2282 0.7705 0.0496
 0.0804 0.0583 0.0888 0.0526 0.0716 0.0619 0.2069 0.0675 0.0706 0.2282
 0.0675 0.0481 0.0726 0.7387 0.0737]"	293
[0. 0. 0. 0. 1. 0. 0. 0. 0.]	"[0.0666 0.0601 0.0827 0.0637 0.637  0.0592 0.2926 0.2095 0.1744 0.0601
 0.6137 0.0567 0.1432 0.0489 0.055  0.0827 0.1217 0.0567 0.0601 0.0726
 0.2043 0.0628 0.077  0.1009 0.1128]"	294
[0. 1. 0. 0. 0. 0. 0. 0. 1.]	"[0.1067 0.0726 0.0726 0.0748 0.5087 0.0558 0.6225 0.1268 0.1052 0.0656
 0.4149 0.0496 0.0726 0.0542 0.1128 0.2268 0.2108 0.0675 0.0567 0.0839
 0.1067 0.0675 0.061  0.0953 0.0827]"	295
[0. 0. 0. 0. 0. 0. 0. 1. 0.]	"[0.1112 0.077  0.0695 0.0592 0.0759 0.1082 0.2878 0.1755 0.7295 0.0434
 0.0619 0.0503 0.0666 0.0408 0.0637 0.0737 0.1128 0.0876 0.0675 0.0927
 0.0706 0.0567 0.15   0.6325 0.0675]"	296
[0. 0. 0. 0. 0. 0. 0. 1. 0.]	"[0.0953 0.0695 0.0716 0.0601 0.0967 0.2108 0.339  0.0726 0.7122 0.0489
 0.0967 0.0748 0.077  0.0666 0.0637 0.0583 0.1956 0.1009 0.1209 0.0726
 0.0496 0.0518 0.0583 0.68   0.0647]"	297
[0. 0. 0. 0. 0. 0. 0. 0. 1.]	"[0.061  0.1234 0.0695 0.1375 0.7264 0.0781 0.22   0.1294 0.0995 0.0675
 0.1348 0.0792 0.4325 0.0685 0.0967 0.0675 0.1242 0.0518 0.0567 0.0995
 0.1037 0.0695 0.0601 0.0804 0.0583]"	298
[0. 0. 0. 0. 0. 1. 0. 0. 0.]	"[0.0511 0.0628 0.0953 0.0737 0.3794 0.1176 0.5262 0.3956 0.1871 0.0804
 0.1144 0.0558 0.3149 0.0518 0.0628 0.1394 0.1755 0.0656 0.0526 0.077
 0.2436 0.0792 0.2006 0.0927 0.1037]"	299
[0. 0. 0. 0. 1. 0. 0. 0. 0.]	"[0.0781 0.0695 0.0953 0.0685 0.7994 0.0726 0.179  0.1144 0.1176 0.0656
 0.7432 0.0863 0.116  0.0575 0.0666 0.0706 0.1128 0.0619 0.0726 0.0737
 0.1067 0.0716 0.055  0.0851 0.0914]"	300
[0. 0. 0. 0. 0. 0. 0. 1. 0.]	"[0.1268 0.0737 0.0748 0.0839 0.0839 0.1082 0.1259 0.1009 0.8597 0.0567
 0.0815 0.0628 0.0737 0.0558 0.0706 0.0792 0.0914 0.0792 0.0628 0.0863
 0.055  0.0558 0.0927 0.8245 0.0851]"	301
[0. 0. 0. 0. 0. 0. 0. 1. 0.]	"[0.094  0.0827 0.0839 0.0695 0.0863 0.0863 0.2337 0.0927 0.8397 0.0534
 0.0737 0.0583 0.0804 0.0454 0.0706 0.0781 0.1441 0.0827 0.0656 0.0781
 0.0666 0.055  0.0863 0.7549 0.0759]"	302
[0. 0. 0. 0. 0. 0. 0. 1. 0.]	"[0.0981 0.0716 0.0706 0.0726 0.0815 0.1432 0.1813 0.1023 0.8408 0.0542
 0.0815 0.0685 0.0695 0.0575 0.0695 0.0716 0.1451 0.0815 0.0628 0.094
 0.0592 0.046  0.0815 0.7879 0.0781]"	303
[0. 0. 0. 0. 0. 0. 0. 1. 0.]	"[0.0876 0.0637 0.0685 0.061  0.0851 0.1176 0.2934 0.0927 0.8164 0.0489
 0.0815 0.0647 0.0748 0.0526 0.0666 0.0815 0.1836 0.0863 0.077  0.0876
 0.0567 0.0567 0.0804 0.7233 0.0804]"	304
[0. 1. 0. 0. 0. 0. 0. 0. 0.]	"[0.0675 0.0542 0.0748 0.0619 0.5336 0.0748 0.554  0.2134 0.1422 0.0601
 0.3639 0.0447 0.1242 0.0467 0.0666 0.1217 0.2241 0.0567 0.0542 0.0748
 0.17   0.0647 0.0815 0.0851 0.094 ]"	305
[0. 1. 0. 0. 0. 0. 0. 0. 0.]	"[0.6645 0.1023 0.0901 0.1097 0.1613 0.0628 0.4647 0.1144 0.148  0.0815
 0.1613 0.0675 0.0526 0.0628 0.0981 0.279  0.1403 0.0995 0.0759 0.1067
 0.1067 0.0759 0.0914 0.148  0.12  ]"	306
[0. 0. 0. 0. 1. 1. 0. 0. 0.]	"[0.0737 0.0647 0.0804 0.0628 0.5856 0.0804 0.4431 0.1722 0.1303 0.0558
 0.5265 0.0737 0.1023 0.0447 0.0685 0.0888 0.1348 0.0628 0.0675 0.0792
 0.1571 0.061  0.0901 0.094  0.0863]"	307
[0. 0. 0. 0. 0. 0. 0. 1. 0.]	"[0.1209 0.0901 0.0927 0.0804 0.0792 0.1037 0.1689 0.0967 0.8783 0.0637
 0.0706 0.0685 0.0781 0.0511 0.0876 0.0839 0.1009 0.0914 0.0759 0.0827
 0.0575 0.0575 0.0901 0.8587 0.0792]"	308
[0. 0. 0. 0. 1. 0. 0. 0. 0.]	"[0.0592 0.0583 0.0888 0.0534 0.6086 0.0695 0.4045 0.0804 0.2926 0.0583
 0.5238 0.055  0.1112 0.0511 0.0656 0.0759 0.3057 0.0716 0.0575 0.0666
 0.0804 0.0558 0.0567 0.1801 0.0804]"	309
[0. 0. 0. 0. 0. 0. 0. 1. 0.]	"[0.1234 0.0851 0.0839 0.0619 0.0995 0.1144 0.567  0.0675 0.5588 0.0534
 0.0995 0.0558 0.0675 0.0518 0.0558 0.0737 0.3208 0.1312 0.1192 0.0675
 0.0619 0.0534 0.0656 0.4516 0.0656]"	310
[0. 0. 0. 0. 0. 0. 0. 1. 0.]	"[0.1603 0.0839 0.0601 0.0792 0.0737 0.1366 0.2697 0.1603 0.6851 0.0447
 0.0737 0.0558 0.0592 0.0628 0.0737 0.0675 0.1981 0.0716 0.0637 0.1603
 0.0489 0.0503 0.0542 0.6689 0.0675]"	311
[0. 0. 0. 0. 0. 0. 0. 0. 1.]	"[0.0583 0.0927 0.0815 0.1144 0.85   0.077  0.116  0.15   0.1112 0.0815
 0.1883 0.1112 0.5254 0.0737 0.0748 0.0601 0.0995 0.0628 0.061  0.0914
 0.1144 0.0685 0.094  0.0967 0.0675]"	312
[0. 0. 0. 0. 0. 1. 0. 0. 0.]	"[0.055  0.0637 0.0759 0.0526 0.696  0.0666 0.3132 0.1234 0.216  0.0619
 0.6234 0.0666 0.1294 0.0558 0.0637 0.0685 0.2323 0.0601 0.055  0.0981
 0.0927 0.0567 0.0575 0.1471 0.0827]"	313
[0. 0. 0. 1. 0. 0. 0. 0. 0.]	"[0.0792 0.0927 0.0927 0.0716 0.1613 0.1968 0.8233 0.0863 0.1242 0.0592
 0.1339 0.0637 0.0901 0.0792 0.1209 0.0995 0.2056 0.116  0.5665 0.077
 0.0863 0.0792 0.0792 0.1242 0.0656]"	314
[0. 0. 0. 0. 1. 0. 0. 0. 0.]	"[0.0558 0.061  0.0726 0.0534 0.6025 0.0839 0.2728 0.0737 0.4681 0.0542
 0.5284 0.0567 0.1303 0.0592 0.0534 0.0737 0.17   0.0706 0.0526 0.0592
 0.0726 0.0496 0.0656 0.2886 0.0839]"	315
[0. 0. 1. 1. 0. 0. 0. 1. 0.]	"[0.0675 0.0781 0.0792 0.0695 0.1097 0.5569 0.6039 0.1176 0.1859 0.0592
 0.1009 0.0647 0.0804 0.0863 0.0748 0.0628 0.4144 0.1551 0.116  0.0619
 0.0647 0.0656 0.1176 0.152  0.0474]"	316
