[0. 0. 0. 0. 0. 1. 0. 0. 0.]	[0.0656 0.0481 0.0575 0.0675 0.1432 0.5104 0.5898 0.153  0.0628]	0
[0. 0. 0. 0. 0. 0. 1. 0. 0.]	[0.055  0.0647 0.0914 0.8783 0.0726 0.1052 0.149  0.0981 0.1321]	1
[0. 0. 0. 0. 0. 0. 0. 0. 1.]	[0.0307 0.0408 0.0368 0.0518 0.1744 0.1592 0.2018 0.0685 0.8289]	2
[0. 0. 0. 0. 1. 0. 0. 0. 0.]	[0.0321 0.0851 0.0706 0.3975 0.6558 0.0666 0.1461 0.1128 0.055 ]	3
[0. 0. 0. 0. 0. 0. 0. 0. 1.]	[0.2241 0.0601 0.0542 0.0863 0.0511 0.0695 0.1097 0.0511 0.8176]	4
[0. 0. 0. 0. 0. 0. 0. 0. 1.]	[0.0628 0.0518 0.0503 0.0526 0.0518 0.1348 0.2147 0.1128 0.8333]	5
[0. 0. 0. 0. 0. 0. 1. 0. 0.]	[0.1461 0.0675 0.0474 0.0759 0.0706 0.12   0.8129 0.0666 0.0888]	6
[0. 0. 0. 0. 0. 0. 1. 0. 0.]	[0.0675 0.0534 0.0467 0.0851 0.0726 0.6334 0.5917 0.1097 0.1225]	7
[0. 0. 0. 0. 0. 0. 0. 1. 0.]	[0.0534 0.0402 0.1303 0.0496 0.6918 0.0427 0.2043 0.1613 0.1385]	8
[0. 0. 0. 0. 0. 0. 1. 0. 0.]	[0.0454 0.046  0.0815 0.0558 0.2775 0.0542 0.6388 0.3217 0.1285]	9
[0. 0. 0. 0. 0. 0. 1. 0. 0.]	[0.0558 0.0656 0.0737 0.0415 0.2187 0.0481 0.646  0.2674 0.152 ]	10
[0. 0. 0. 0. 1. 0. 0. 0. 0.]	[0.0489 0.0454 0.0953 0.0368 0.8117 0.0474 0.1744 0.0863 0.1348]	11
[0. 0. 0. 0. 0. 0. 0. 0. 1.]	[0.1097 0.077  0.0637 0.0656 0.0995 0.0863 0.8749 0.1689 0.1285]	12
[0. 0. 0. 0. 0. 0. 0. 0. 1.]	[0.0675 0.0421 0.0402 0.0666 0.0675 0.1242 0.1259 0.0666 0.8791]	13
[1. 0. 0. 0. 0. 0. 0. 0. 0.]	[0.4871 0.0619 0.0496 0.2082 0.0408 0.1956 0.22   0.0953 0.1931]	14
[0. 0. 0. 0. 0. 0. 0. 0. 1.]	[0.0804 0.0454 0.0447 0.0567 0.0748 0.0781 0.4244 0.0496 0.7025]	15
[0. 0. 0. 0. 0. 0. 0. 0. 1.]	[0.1234 0.1009 0.0496 0.1128 0.0675 0.0496 0.4475 0.3612 0.4022]	16
[0. 0. 0. 0. 0. 0. 0. 0. 1.]	[0.077  0.0748 0.0481 0.216  0.116  0.055  0.1277 0.6968 0.4863]	17
[0. 0. 0. 0. 0. 0. 0. 0. 1.]	[0.12   0.0567 0.0792 0.0901 0.1303 0.0706 0.1689 0.9073 0.2744]	18
[0. 0. 0. 0. 0. 0. 0. 0. 1.]	[0.0542 0.0447 0.0759 0.0447 0.8117 0.0434 0.1722 0.1312 0.1767]	19
[0. 0. 0. 0. 0. 0. 1. 0. 0.]	[0.1931 0.0583 0.044  0.1259 0.0628 0.094  0.4467 0.044  0.3124]	20
[0. 0. 0. 0. 1. 0. 0. 0. 0.]	[0.0421 0.0467 0.0647 0.039  0.8344 0.0481 0.2309 0.0601 0.2018]	21
[0. 0. 0. 0. 0. 0. 0. 1. 0.]	[0.0628 0.0737 0.3826 0.0827 0.2583 0.0534 0.3549 0.304  0.1403]	22
[0. 0. 0. 0. 0. 0. 0. 0. 1.]	[0.0675 0.0379 0.0518 0.0575 0.0637 0.0851 0.2958 0.0592 0.8559]	23
[0. 0. 0. 0. 0. 0. 0. 0. 1.]	[0.0256 0.0385 0.0421 0.0726 0.2822 0.1778 0.3868 0.061  0.6469]	24
[0. 0. 0. 0. 1. 0. 0. 0. 0.]	[0.0341 0.0716 0.22   0.0474 0.587  0.0675 0.709  0.1451 0.1375]	25
[0. 0. 0. 0. 1. 0. 0. 0. 0.]	[0.0379 0.0759 0.0518 0.1037 0.4069 0.0474 0.1067 0.17   0.4465]	26
[0. 0. 0. 0. 0. 0. 0. 0. 1.]	[0.0447 0.0534 0.0706 0.0592 0.2798 0.0592 0.1624 0.8311 0.1993]	27
[0. 0. 0. 0. 1. 0. 0. 0. 1.]	[0.0474 0.039  0.0647 0.0379 0.5627 0.0302 0.1871 0.1836 0.462 ]	28
[0. 0. 0. 0. 0. 0. 0. 0. 1.]	[0.1037 0.0511 0.0534 0.0628 0.0481 0.0726 0.1678 0.0666 0.8872]	29
[0. 0. 0. 0. 0. 0. 1. 0. 1.]	[0.0863 0.0967 0.1097 0.0981 0.1394 0.1209 0.8697 0.1582 0.1112]	30
[0. 0. 0. 0. 0. 0. 0. 0. 1.]	[0.0901 0.044  0.0518 0.1144 0.0851 0.1895 0.6505 0.0675 0.2728]	31
[0. 0. 0. 0. 1. 0. 0. 0. 0.]	[0.0331 0.0534 0.044  0.1722 0.3558 0.2759 0.3032 0.2351 0.0927]	32
[0. 0. 0. 0. 1. 1. 0. 0. 0.]	[0.0592 0.0647 0.0503 0.1767 0.2689 0.7931 0.1561 0.1801 0.1009]	33
[0. 0. 0. 0. 1. 0. 0. 0. 0.]	[0.0293 0.0526 0.0716 0.0474 0.5922 0.044  0.6885 0.1375 0.0953]	34
[0. 0. 0. 0. 1. 0. 0. 0. 0.]	[0.1582 0.0914 0.48   0.0759 0.4704 0.0481 0.3854 0.0716 0.0759]	35
[0. 0. 0. 0. 1. 0. 0. 0. 0.]	[0.0496 0.0373 0.1128 0.0415 0.68   0.0408 0.3891 0.1259 0.151 ]	36
[0. 0. 0. 0. 1. 0. 0. 0. 0.]	[0.0567 0.0888 0.0863 0.1082 0.752  0.0396 0.1312 0.0815 0.1067]	37
[0. 0. 0. 0. 1. 0. 0. 0. 0.]	[0.0496 0.1067 0.0851 0.0981 0.7341 0.0454 0.1082 0.1366 0.0716]	38
[0. 0. 0. 0. 0. 0. 0. 0. 1.]	[0.0601 0.046  0.0467 0.0706 0.0583 0.0792 0.2422 0.2422 0.7982]	39
[0. 0. 0. 0. 1. 0. 0. 0. 0.]	[0.0385 0.0726 0.0583 0.148  0.7256 0.1645 0.116  0.3166 0.0685]	40
[0. 0. 0. 0. 0. 0. 1. 0. 0.]	[0.0542 0.0534 0.0675 0.046  0.4003 0.1907 0.6645 0.0601 0.0567]	41
[0. 0. 0. 0. 0. 0. 0. 0. 1.]	[0.1037 0.0685 0.0408 0.1023 0.0496 0.0851 0.0839 0.1209 0.8539]	42
[0. 0. 0. 0. 1. 0. 0. 0. 0.]	[0.0351 0.0876 0.116  0.0981 0.8529 0.0575 0.1268 0.1128 0.0695]	43
[0. 0. 0. 0. 0. 1. 0. 0. 0.]	[0.0467 0.0447 0.0503 0.0839 0.0695 0.2975 0.7827 0.1848 0.1422]	44
[0. 0. 0. 0. 0. 0. 0. 1. 0.]	[0.0467 0.0402 0.094  0.044  0.4121 0.0321 0.3311 0.4216 0.3337]	45
[0. 0. 0. 0. 0. 0. 0. 0. 1.]	[0.0321 0.0346 0.044  0.0567 0.4397 0.0804 0.6487 0.0619 0.3024]	46
[0. 0. 0. 0. 0. 0. 0. 0. 1.]	[0.1251 0.0695 0.0454 0.1403 0.0656 0.0526 0.0759 0.2393 0.8245]	47
[0. 0. 0. 0. 0. 0. 1. 0. 0.]	[0.0583 0.0592 0.0575 0.0827 0.0863 0.433  0.8355 0.1366 0.077 ]	48
[0. 0. 0. 0. 0. 0. 0. 0. 1.]	[0.0851 0.0748 0.0675 0.1592 0.1441 0.0628 0.116  0.8539 0.3183]	49
[0. 0. 0. 0. 0. 0. 0. 0. 1.]	[0.0901 0.0526 0.0489 0.0503 0.0402 0.2095 0.5603 0.0619 0.5922]	50
[0. 0. 0. 0. 1. 0. 0. 0. 0.]	[0.0321 0.0542 0.0496 0.0706 0.709  0.0601 0.2031 0.1348 0.1268]	51
[0. 0. 0. 0. 1. 0. 0. 0. 0.]	[0.0379 0.0888 0.0656 0.0827 0.4492 0.0675 0.8187 0.0737 0.0637]	52
[0. 0. 0. 0. 0. 0. 0. 0. 1.]	[0.0427 0.0526 0.0695 0.061  0.2878 0.061  0.1656 0.8233 0.1848]	53
[0. 0. 0. 0. 0. 0. 0. 0. 1.]	[0.0781 0.0503 0.0503 0.055  0.0503 0.0675 0.248  0.061  0.8187]	54
[1. 0. 0. 0. 0. 0. 0. 0. 0.]	[0.1176 0.0373 0.044  0.0781 0.0518 0.077  0.3268 0.0748 0.6868]	55
[0. 0. 0. 0. 1. 0. 0. 0. 0.]	[0.0415 0.0601 0.0759 0.0511 0.8872 0.061  0.1461 0.0511 0.1242]	56
[0. 0. 0. 0. 0. 0. 1. 0. 0.]	[0.0927 0.0666 0.0804 0.1144 0.0914 0.453  0.7264 0.0876 0.0526]	57
[0. 0. 0. 0. 0. 0. 1. 0. 0.]	[0.0695 0.0685 0.077  0.0888 0.0914 0.1895 0.8715 0.1082 0.0888]	58
[0. 0. 0. 0. 1. 0. 0. 0. 0.]	[0.0656 0.0474 0.0601 0.0481 0.6505 0.0474 0.248  0.0685 0.1968]	59
[0. 0. 0. 0. 1. 0. 0. 1. 0.]	[0.0601 0.0839 0.0804 0.8439 0.1294 0.0888 0.1097 0.12   0.0511]	60
[0. 0. 0. 0. 1. 0. 0. 0. 0.]	[0.0781 0.0601 0.0583 0.1592 0.405  0.0716 0.2043 0.0827 0.2043]	61
[0. 0. 0. 0. 0. 0. 0. 1. 0.]	[0.1052 0.046  0.0628 0.0792 0.094  0.0558 0.3242 0.8199 0.3141]	62
[0. 0. 0. 0. 0. 0. 0. 0. 1.]	[0.116  0.0489 0.0526 0.0706 0.0601 0.0619 0.272  0.039  0.7311]	63
[0. 0. 0. 0. 1. 0. 0. 0. 0.]	[0.0454 0.0575 0.0863 0.1689 0.705  0.0583 0.1461 0.0737 0.0695]	64
[0. 0. 0. 0. 0. 0. 1. 0. 0.]	[0.1461 0.0647 0.0396 0.1234 0.0685 0.1217 0.6901 0.0558 0.1052]	65
[0. 0. 0. 0. 0. 0. 1. 0. 0.]	[0.094  0.0716 0.0827 0.0628 0.1112 0.1259 0.9047 0.0726 0.0953]	66
[0. 0. 0. 0. 0. 0. 0. 0. 1.]	[0.094  0.0368 0.0351 0.055  0.0534 0.1128 0.3057 0.0995 0.7017]	67
[0. 0. 0. 0. 0. 0. 0. 1. 0.]	[0.094  0.0647 0.0447 0.077  0.0656 0.3442 0.2337 0.3789 0.3363]	68
[0. 0. 0. 0. 0. 0. 0. 0. 1.]	[0.1603 0.0526 0.0601 0.0792 0.0601 0.0647 0.094  0.0759 0.9161]	69
[0. 0. 0. 0. 1. 0. 0. 0. 0.]	[0.0341 0.0373 0.0601 0.0415 0.7535 0.0421 0.1824 0.2187 0.1895]	70
[0. 0. 0. 0. 1. 0. 0. 0. 0.]	[0.0542 0.0558 0.0863 0.0489 0.8808 0.061  0.0967 0.0748 0.0953]	71
[0. 0. 0. 0. 0. 0. 1. 0. 0.]	[0.0888 0.0901 0.0914 0.0995 0.1097 0.1052 0.8808 0.1451 0.1052]	72
[0. 0. 0. 0. 0. 0. 1. 0. 0.]	[0.0863 0.077  0.0567 0.0396 0.0995 0.0876 0.8991 0.1067 0.094 ]	73
[0. 0. 0. 0. 0. 0. 1. 0. 0.]	[0.0647 0.0518 0.061  0.0534 0.0967 0.1541 0.8903 0.0706 0.1339]	74
[0. 0. 0. 0. 0. 0. 0. 0. 1.]	[0.0995 0.0511 0.0567 0.0685 0.0542 0.0827 0.1097 0.0695 0.9112]	75
[0. 0. 0. 0. 1. 0. 0. 0. 0.]	[0.0503 0.094  0.0695 0.7892 0.2254 0.0503 0.0716 0.0927 0.1128]	76
[0. 0. 0. 0. 0. 0. 1. 1. 1.]	[0.0981 0.0619 0.0503 0.1571 0.055  0.0706 0.0792 0.0792 0.8688]	77
[0. 0. 0. 0. 0. 0. 0. 0. 1.]	[0.0628 0.0489 0.0511 0.0408 0.384  0.0341 0.6514 0.0888 0.2991]	78
[0. 0. 0. 0. 1. 0. 0. 0. 0.]	[0.0321 0.0781 0.0706 0.2227 0.7607 0.0415 0.116  0.0995 0.0827]	79
[0. 0. 0. 0. 0. 0. 0. 0. 1.]	[0.15   0.055  0.044  0.0656 0.0434 0.0685 0.1192 0.0666 0.8245]	80
[0. 0. 0. 0. 0. 1. 0. 0. 0.]	[0.0759 0.0447 0.046  0.0759 0.1919 0.3115 0.627  0.0863 0.0737]	81
[0. 0. 0. 0. 0. 0. 1. 0. 0.]	[0.0851 0.0815 0.0953 0.0851 0.0901 0.1009 0.884  0.1656 0.0995]	82
[0. 0. 0. 0. 1. 0. 0. 0. 0.]	[0.0447 0.0706 0.0637 0.1285 0.7592 0.1023 0.1128 0.2846 0.0601]	83
[0. 0. 0. 0. 0. 0. 0. 0. 1.]	[0.1251 0.077  0.0583 0.0804 0.0927 0.1082 0.849  0.0706 0.1582]	84
[0. 0. 0. 0. 0. 0. 0. 0. 1.]	[0.0408 0.0293 0.0526 0.0326 0.4321 0.0289 0.2902 0.1744 0.5583]	85
[0. 0. 0. 0. 1. 0. 0. 0. 0.]	[0.0427 0.0863 0.0542 0.2043 0.7154 0.0434 0.0901 0.094  0.0888]	86
[0. 0. 0. 0. 1. 0. 0. 0. 0.]	[0.0511 0.0706 0.0927 0.1403 0.3675 0.0336 0.1144 0.1895 0.3495]	87
[0. 0. 0. 0. 1. 0. 0. 0. 0.]	[0.094  0.0601 0.0619 0.0851 0.1634 0.094  0.5765 0.0995 0.1082]	88
[0. 0. 0. 0. 0. 0. 1. 0. 0.]	[0.1225 0.3794 0.0666 0.1667 0.1451 0.0815 0.6397 0.1277 0.0526]	89
[0. 0. 0. 0. 0. 0. 0. 0. 1.]	[0.046  0.0534 0.0695 0.0434 0.2975 0.0415 0.705  0.1037 0.3675]	90
[0. 0. 0. 0. 0. 0. 0. 0. 1.]	[0.1128 0.0542 0.0489 0.0706 0.0685 0.0863 0.78   0.0695 0.2422]	91
[0. 0. 0. 0. 0. 0. 1. 0. 0.]	[0.0518 0.0656 0.0637 0.179  0.1294 0.1571 0.7535 0.1689 0.0804]	92
[0. 0. 0. 0. 0. 0. 0. 0. 1.]	[0.1613 0.0474 0.0503 0.0726 0.0503 0.0781 0.1285 0.0592 0.8176]	93
[0. 0. 0. 0. 0. 0. 0. 1. 0.]	[0.0726 0.0575 0.0666 0.094  0.1052 0.2509 0.2309 0.6876 0.2644]	94
[0. 0. 0. 1. 0. 0. 0. 0. 0.]	[0.0706 0.0863 0.0716 0.8758 0.0759 0.077  0.0827 0.0748 0.1128]	95
[0. 0. 0. 0. 1. 0. 0. 0. 0.]	[0.0467 0.0567 0.0656 0.0583 0.8408 0.0518 0.1432 0.0748 0.1023]	96
[0. 0. 0. 1. 0. 0. 1. 0. 0.]	[0.0716 0.0726 0.0619 0.7786 0.0914 0.0804 0.2214 0.0876 0.0839]	97
[0. 0. 0. 0. 0. 0. 1. 0. 1.]	[0.0995 0.0815 0.061  0.0474 0.1082 0.0967 0.9241 0.094  0.077 ]	98
[0. 0. 0. 0. 0. 0. 1. 0. 0.]	[0.0804 0.0815 0.0637 0.0804 0.0981 0.0995 0.8758 0.0927 0.061 ]	99
[0. 0. 0. 0. 0. 0. 1. 0. 0.]	[0.0781 0.0503 0.1037 0.0511 0.1603 0.0467 0.517  0.2783 0.4484]	100
[0. 0. 0. 0. 0. 0. 0. 1. 0.]	[0.0804 0.0481 0.0316 0.094  0.0567 0.2254 0.2713 0.1285 0.6496]	101
[0. 0. 0. 0. 1. 0. 0. 0. 0.]	[0.0379 0.0567 0.0759 0.044  0.4969 0.0373 0.627  0.2902 0.1097]	102
[0. 0. 0. 0. 0. 0. 0. 0. 1.]	[0.0467 0.0454 0.0592 0.0341 0.7432 0.0474 0.2975 0.0656 0.332 ]	103
[0. 0. 0. 1. 0. 0. 0. 1. 0.]	[0.0737 0.0706 0.0748 0.8408 0.0695 0.0628 0.1052 0.1582 0.2539]	104
[0. 0. 0. 0. 0. 0. 0. 0. 1.]	[0.0316 0.0385 0.0474 0.0396 0.4225 0.0558 0.4721 0.0995 0.4891]	105
[0. 0. 0. 0. 1. 0. 0. 0. 0.]	[0.0415 0.0592 0.055  0.0839 0.7969 0.0628 0.0901 0.1571 0.1009]	106
[0. 0. 0. 0. 0. 0. 0. 0. 1.]	[0.0685 0.0427 0.061  0.0695 0.0511 0.0592 0.2436 0.2043 0.8706]	107
[0. 0. 0. 0. 0. 0. 0. 0. 1.]	[0.0474 0.0558 0.0601 0.0511 0.1441 0.153  0.2628 0.5751 0.3149]	108
[0. 0. 0. 0. 0. 0. 1. 0. 0.]	[0.116  0.0619 0.044  0.1023 0.0759 0.1339 0.7256 0.0601 0.1836]	109
[0. 0. 0. 0. 0. 0. 1. 0. 0.]	[0.0781 0.0647 0.0567 0.0995 0.0927 0.0953 0.8199 0.0503 0.149 ]	110
[0. 0. 0. 0. 0. 1. 0. 0. 0.]	[0.0748 0.0647 0.0592 0.12   0.0656 0.5865 0.7098 0.0967 0.0558]	111
[0. 0. 0. 0. 0. 0. 0. 0. 1.]	[0.0914 0.0447 0.0567 0.0601 0.0496 0.0685 0.152  0.0601 0.8991]	112
[0. 0. 0. 0. 1. 0. 0. 0. 0.]	[0.046  0.0876 0.0876 0.0695 0.4436 0.0804 0.8888 0.0748 0.0647]	113
[0. 0. 0. 0. 1. 0. 0. 0. 0.]	[0.0467 0.0675 0.1112 0.077  0.372  0.0362 0.152  0.5615 0.22  ]	114
[0. 0. 0. 0. 1. 0. 0. 0. 0.]	[0.0503 0.0748 0.0804 0.0737 0.8977 0.0666 0.0914 0.152  0.0981]	115
[0. 0. 0. 0. 0. 0. 1. 0. 0.]	[0.0726 0.0592 0.0601 0.0927 0.1541 0.1285 0.8056 0.0583 0.0666]	116
[0. 0. 0. 0. 0. 0. 0. 1. 1.]	[0.0981 0.0685 0.0481 0.2056 0.0637 0.0716 0.4144 0.0583 0.5508]	117
[0. 0. 0. 1. 0. 0. 0. 0. 1.]	[0.0675 0.0601 0.055  0.422  0.0967 0.1613 0.2108 0.279  0.2173]	118
[0. 0. 0. 0. 1. 0. 0. 0. 0.]	[0.044  0.0637 0.0666 0.0901 0.8888 0.0583 0.1052 0.0839 0.0981]	119
[0. 0. 0. 0. 0. 0. 1. 0. 0.]	[0.0637 0.0503 0.046  0.1128 0.22   0.5827 0.5288 0.1251 0.0518]	120
[0. 0. 0. 0. 0. 0. 1. 0. 0.]	[0.044  0.0567 0.0583 0.1052 0.1824 0.0637 0.821  0.0981 0.0876]	121
[0. 0. 0. 0. 0. 0. 0. 0. 1.]	[0.0737 0.0341 0.094  0.1394 0.0518 0.1711 0.5368 0.1956 0.5851]	122
[0. 0. 0. 0. 1. 0. 0. 0. 0.]	[0.0481 0.0496 0.0716 0.0427 0.8032 0.0685 0.248  0.0706 0.1052]	123
[0. 0. 0. 0. 0. 0. 1. 0. 0.]	[0.1009 0.0336 0.0496 0.0637 0.0526 0.1176 0.5605 0.1471 0.555 ]	124
[0. 0. 0. 0. 0. 0. 0. 0. 1.]	[0.1251 0.0518 0.0496 0.0637 0.0518 0.0666 0.1285 0.0601 0.8697]	125
[0. 0. 0. 0. 0. 0. 1. 0. 0.]	[0.0511 0.0583 0.0489 0.0781 0.22   0.1082 0.7866 0.1603 0.0726]	126
[0. 0. 0. 0. 0. 0. 1. 0. 0.]	[0.0876 0.0726 0.0583 0.0637 0.0748 0.1981 0.847  0.0567 0.2465]	127
[0. 0. 0. 0. 0. 0. 0. 1. 0.]	[0.0953 0.0534 0.0534 0.0901 0.0781 0.0792 0.0759 0.0666 0.9196]	128
[0. 0. 0. 0. 0. 0. 1. 0. 0.]	[0.061  0.0592 0.0647 0.0706 0.1366 0.4397 0.6993 0.0647 0.0726]	129
[0. 0. 0. 0. 0. 0. 0. 0. 1.]	[0.0953 0.0474 0.0558 0.0716 0.0434 0.0863 0.2583 0.094  0.8634]	130
[0. 0. 0. 0. 0. 0. 1. 0. 0.]	[0.0815 0.077  0.077  0.0601 0.1422 0.1321 0.8697 0.0666 0.0726]	131
[0. 0. 0. 0. 0. 0. 0. 0. 1.]	[0.0863 0.0481 0.0481 0.0542 0.0592 0.0748 0.1613 0.0619 0.8918]	132
[0. 0. 0. 0. 1. 0. 0. 0. 0.]	[0.0583 0.0575 0.0619 0.0534 0.8791 0.0567 0.1733 0.0583 0.1082]	133
[0. 0. 0. 0. 0. 0. 0. 1. 0.]	[0.0748 0.0863 0.0637 0.1321 0.1037 0.4554 0.4282 0.3817 0.1461]	134
[0. 0. 0. 0. 0. 0. 0. 0. 1.]	[0.0804 0.046  0.0503 0.0518 0.0542 0.0675 0.32   0.0542 0.83  ]	135
[0. 0. 0. 0. 1. 0. 0. 0. 0.]	[0.0827 0.0637 0.3826 0.077  0.7879 0.0716 0.1339 0.0726 0.0647]	136
[0. 0. 0. 0. 0. 0. 0. 1. 0.]	[0.3798 0.0804 0.0408 0.1225 0.0748 0.077  0.061  0.15   0.4007]	137
[0. 0. 0. 0. 1. 0. 0. 0. 0.]	[0.0748 0.0601 0.061  0.0496 0.8783 0.0656 0.1711 0.0575 0.0967]	138
[0. 0. 0. 0. 0. 0. 0. 0. 1.]	[0.1082 0.046  0.0496 0.0592 0.1209 0.0647 0.12   0.0534 0.8749]	139
[0. 0. 0. 0. 0. 0. 0. 0. 1.]	[0.1176 0.0575 0.0583 0.0592 0.0542 0.0481 0.1871 0.0888 0.8783]	140
[0. 0. 0. 0. 0. 0. 0. 1. 0.]	[0.3329 0.0637 0.0628 0.0759 0.077  0.0675 0.15   0.8578 0.2173]	141
[0. 0. 0. 0. 0. 0. 0. 0. 1.]	[0.0427 0.0619 0.0685 0.1251 0.2854 0.0421 0.1176 0.7506 0.2975]	142
[0. 0. 0. 0. 0. 0. 0. 0. 1.]	[0.1112 0.0526 0.0503 0.0685 0.0489 0.0863 0.15   0.0558 0.8679]	143
[0. 0. 0. 0. 0. 1. 0. 0. 0.]	[0.0454 0.0583 0.0628 0.0927 0.1645 0.2268 0.7621 0.0675 0.1009]	144
[0. 0. 0. 0. 1. 0. 0. 0. 0.]	[0.0567 0.0666 0.0781 0.0815 0.6984 0.0592 0.0901 0.2465 0.3398]	145
[0. 0. 0. 0. 0. 0. 1. 0. 0.]	[0.0511 0.0601 0.0619 0.0567 0.3495 0.1339 0.8333 0.0583 0.0675]	146
[0. 0. 0. 0. 0. 0. 0. 0. 1.]	[0.116  0.0534 0.0558 0.0737 0.061  0.0748 0.077  0.0675 0.9252]	147
[0. 0. 0. 0. 0. 0. 0. 0. 1.]	[0.1009 0.0474 0.0511 0.0628 0.0489 0.0706 0.2751 0.0496 0.7827]	148
[0. 0. 0. 0. 0. 0. 0. 0. 1.]	[0.0901 0.0496 0.0558 0.055  0.044  0.0716 0.2121 0.0827 0.8775]	149
[0. 0. 0. 0. 1. 0. 0. 0. 0.]	[0.0467 0.1403 0.0511 0.15   0.5969 0.044  0.0995 0.1067 0.1689]	150
[0. 0. 0. 0. 0. 0. 0. 0. 1.]	[0.1176 0.0489 0.0534 0.0583 0.0489 0.1009 0.6021 0.0675 0.5472]	151
[1. 0. 0. 0. 0. 0. 0. 0. 0.]	[0.7931 0.0804 0.0628 0.1192 0.0685 0.0628 0.0827 0.0511 0.151 ]	152
[0. 0. 0. 0. 0. 0. 1. 0. 0.]	[0.0953 0.0628 0.0558 0.0953 0.0685 0.3775 0.5533 0.2659 0.1561]	153
[0. 0. 0. 0. 0. 0. 0. 1. 0.]	[0.0316 0.0876 0.0851 0.0675 0.2926 0.0637 0.7759 0.1471 0.1112]	154
[0. 0. 0. 0. 1. 0. 0. 0. 0.]	[0.0421 0.0804 0.0685 0.0863 0.884  0.0863 0.0927 0.1209 0.0748]	155
[0. 0. 0. 0. 0. 0. 0. 0. 1.]	[0.077  0.055  0.0503 0.0518 0.0467 0.0901 0.295  0.1112 0.7853]	156
[0. 0. 0. 0. 1. 0. 0. 0. 0.]	[0.0804 0.0489 0.0619 0.0415 0.8152 0.0567 0.2767 0.0518 0.1037]	157
[0. 0. 0. 0. 0. 0. 1. 0. 0.]	[0.0804 0.0637 0.0901 0.2644 0.0518 0.2628 0.705  0.1645 0.1294]	158
[0. 0. 0. 0. 1. 0. 0. 0. 0.]	[0.0454 0.0542 0.0656 0.0619 0.8963 0.0619 0.1144 0.0474 0.0851]	159
[0. 0. 0. 0. 1. 0. 0. 0. 0.]	[0.0695 0.0695 0.0953 0.0827 0.8449 0.0601 0.0901 0.0748 0.1112]	160
[0. 1. 0. 0. 1. 0. 0. 1. 0.]	[0.044  0.0685 0.0592 0.1366 0.1082 0.0408 0.6049 0.2814 0.1744]	161
[0. 0. 0. 0. 0. 0. 0. 1. 0.]	[0.1413 0.055  0.0474 0.3585 0.0474 0.1321 0.3711 0.0888 0.2108]	162
[0. 0. 0. 0. 1. 0. 0. 0. 1.]	[0.0575 0.0815 0.0804 0.152  0.5279 0.046  0.2713 0.1023 0.0815]	163
[0. 0. 0. 0. 0. 0. 1. 0. 0.]	[0.0851 0.0759 0.0534 0.0927 0.1176 0.1192 0.8933 0.0583 0.055 ]	164
[0. 0. 0. 0. 0. 0. 1. 0. 0.]	[0.0454 0.0583 0.0637 0.0914 0.0981 0.2697 0.8449 0.2751 0.1824]	165
[0. 0. 0. 0. 0. 0. 0. 0. 1.]	[0.1645 0.0558 0.0447 0.0827 0.0489 0.2494 0.1312 0.0647 0.8129]	166
[0. 0. 0. 0. 0. 0. 0. 0. 1.]	[0.0592 0.044  0.0503 0.0558 0.0827 0.2705 0.2854 0.1009 0.83  ]	167
[0. 0. 0. 0. 0. 0. 0. 1. 0.]	[0.1234 0.1009 0.7194 0.2465 0.1907 0.0542 0.2337 0.2337 0.0953]	168
[0. 0. 0. 0. 1. 0. 0. 0. 0.]	[0.0336 0.0781 0.0839 0.077  0.5152 0.0737 0.7535 0.1919 0.0628]	169
[0. 0. 0. 0. 0. 0. 0. 0. 1.]	[0.0716 0.0526 0.0558 0.0716 0.0953 0.061  0.1413 0.6496 0.6893]	170
[0. 0. 0. 0. 1. 0. 0. 0. 0.]	[0.1859 0.0503 0.0518 0.077  0.3522 0.0248 0.2241 0.1624 0.3285]	171
[0. 0. 0. 0. 1. 0. 0. 0. 0.]	[0.0357 0.0685 0.0496 0.1192 0.6478 0.0518 0.1242 0.1348 0.2309]	172
[0. 0. 0. 0. 0. 0. 0. 0. 1.]	[0.0981 0.0427 0.0534 0.0656 0.0467 0.1294 0.2379 0.0656 0.8376]	173
[0. 0. 0. 1. 0. 0. 0. 0. 0.]	[0.0781 0.0759 0.0927 0.7009 0.061  0.0827 0.2268 0.0876 0.1883]	174
[0. 0. 0. 0. 0. 0. 1. 0. 0.]	[0.0583 0.0575 0.0647 0.0503 0.5808 0.1009 0.6843 0.0511 0.0748]	175
[0. 0. 0. 0. 1. 0. 0. 0. 0.]	[0.0351 0.0666 0.0967 0.0839 0.7341 0.0385 0.2814 0.1259 0.0901]	176
[0. 1. 0. 0. 1. 0. 0. 0. 0.]	[0.0408 0.3141 0.0995 0.2509 0.3817 0.0481 0.0656 0.2767 0.094 ]	177
[0. 0. 0. 0. 1. 0. 0. 0. 0.]	[0.0619 0.0601 0.1234 0.1052 0.7341 0.0628 0.1112 0.22   0.0995]	178
[0. 0. 0. 0. 1. 0. 0. 0. 0.]	[0.044  0.044  0.0827 0.039  0.7982 0.0496 0.1432 0.1097 0.1993]	179
[0. 0. 0. 0. 0. 0. 0. 0. 1.]	[0.1067 0.0685 0.0373 0.0781 0.0967 0.0748 0.6951 0.1242 0.2598]	180
[0. 0. 0. 0. 1. 0. 0. 0. 0.]	[0.0726 0.0953 0.0827 0.22   0.627  0.0408 0.1403 0.0737 0.0781]	181
[0. 0. 0. 0. 0. 0. 1. 1. 0.]	[0.1441 0.0666 0.0863 0.3914 0.0415 0.061  0.2043 0.2134 0.4516]	182
[0. 0. 0. 0. 0. 0. 0. 1. 0.]	[0.0415 0.0496 0.0357 0.0542 0.2309 0.1689 0.1461 0.2659 0.7491]	183
[0. 0. 0. 0. 1. 0. 0. 0. 0.]	[0.0276 0.0601 0.0474 0.1348 0.423  0.0467 0.1176 0.2524 0.3082]	184
[0. 0. 0. 0. 0. 0. 0. 0. 1.]	[0.0839 0.0518 0.0518 0.0656 0.0474 0.0839 0.1656 0.0601 0.8732]	185
[0. 0. 0. 0. 0. 1. 0. 0. 1.]	[0.0888 0.0575 0.0496 0.1067 0.0583 0.291  0.1413 0.5261 0.5804]	186
[0. 0. 0. 0. 0. 0. 0. 0. 1.]	[0.0592 0.0792 0.0421 0.4487 0.1052 0.0379 0.1422 0.2728 0.4168]	187
[0. 0. 0. 0. 1. 0. 0. 0. 0.]	[0.0467 0.1192 0.1217 0.133  0.6451 0.0351 0.1883 0.0863 0.0815]	188
[0. 0. 0. 0. 0. 0. 1. 0. 0.]	[0.046  0.0298 0.0851 0.0373 0.4412 0.0967 0.4694 0.0953 0.2568]	189
[0. 0. 0. 0. 1. 0. 0. 0. 0.]	[0.2031 0.3919 0.0863 0.1603 0.3603 0.044  0.1052 0.0781 0.1067]	190
[0. 0. 0. 0. 1. 0. 0. 0. 0.]	[0.0346 0.0592 0.0518 0.116  0.7303 0.0427 0.1128 0.3277 0.1082]	191
[0. 0. 0. 0. 1. 0. 0. 0. 0.]	[0.0346 0.0619 0.0542 0.0716 0.7931 0.0706 0.149  0.1144 0.1052]	192
[0. 0. 0. 0. 0. 0. 0. 1. 0.]	[0.0434 0.0421 0.0583 0.0647 0.488  0.116  0.2436 0.2031 0.1357]	193
[0. 0. 0. 0. 0. 0. 0. 0. 1.]	[0.2509 0.055  0.0467 0.0792 0.0474 0.0666 0.1981 0.0454 0.6044]	194
[0. 0. 0. 1. 0. 0. 0. 0. 0.]	[0.0815 0.0839 0.0619 0.8289 0.0927 0.0901 0.1394 0.0601 0.0914]	195
[0. 0. 0. 0. 0. 0. 1. 0. 0.]	[0.0792 0.0815 0.0914 0.0737 0.1375 0.1023 0.906  0.0914 0.1037]	196
[0. 0. 0. 0. 0. 0. 1. 0. 0.]	[0.0628 0.0706 0.0737 0.0737 0.1571 0.1259 0.867  0.0792 0.0748]	197
[0. 0. 0. 0. 0. 0. 1. 0. 0.]	[0.0726 0.0575 0.0583 0.0496 0.1394 0.116  0.8587 0.077  0.0792]	198
[0. 0. 0. 0. 0. 0. 0. 0. 1.]	[0.1144 0.0467 0.0518 0.0759 0.0481 0.0726 0.152  0.0567 0.8723]	199
[0. 0. 0. 0. 1. 0. 0. 0. 0.]	[0.0927 0.0567 0.0685 0.0526 0.8164 0.0558 0.1582 0.046  0.1082]	200
[0. 0. 0. 0. 1. 0. 0. 0. 0.]	[0.044  0.0706 0.0914 0.1144 0.6984 0.0575 0.1082 0.1023 0.1023]	201
[0. 0. 0. 0. 0. 0. 0. 0. 1.]	[0.1082 0.0592 0.055  0.0695 0.0511 0.0839 0.1112 0.0685 0.9099]	202
[0. 0. 0. 0. 0. 0. 0. 0. 1.]	[0.1052 0.0489 0.0542 0.0737 0.0489 0.0748 0.1321 0.0619 0.8918]	203
[0. 0. 0. 0. 0. 0. 0. 1. 0.]	[0.0421 0.061  0.0666 0.1217 0.295  0.0321 0.3504 0.478  0.1471]	204
[0. 0. 0. 0. 0. 0. 1. 0. 1.]	[0.0863 0.0706 0.0503 0.0454 0.1082 0.1009 0.9149 0.0888 0.0781]	205
[0. 0. 0. 0. 0. 0. 1. 0. 0.]	[0.0914 0.0695 0.0685 0.0706 0.1128 0.1242 0.8948 0.0628 0.0839]	206
[0. 0. 0. 0. 0. 0. 0. 0. 1.]	[0.1023 0.044  0.0481 0.0726 0.044  0.1234 0.2814 0.0748 0.821 ]	207
[0. 0. 0. 0. 0. 0. 1. 0. 0.]	[0.094  0.0914 0.094  0.1551 0.1413 0.1023 0.8903 0.1461 0.1112]	208
[0. 0. 0. 0. 0. 0. 1. 0. 0.]	[0.5324 0.1268 0.0628 0.2524 0.1009 0.0351 0.1711 0.0726 0.0716]	209
[0. 0. 0. 0. 0. 0. 1. 0. 0.]	[0.0567 0.0362 0.0326 0.0953 0.1052 0.2983 0.4235 0.1348 0.3398]	210
[0. 0. 0. 0. 0. 0. 0. 1. 0.]	[0.0503 0.0827 0.0511 0.4211 0.1571 0.4755 0.1956 0.1919 0.1192]	211
[0. 0. 0. 0. 0. 0. 0. 0. 1.]	[0.2134 0.0518 0.0583 0.0888 0.0647 0.0592 0.0737 0.0675 0.8991]	212
[0. 0. 0. 0. 1. 0. 1. 1. 0.]	[0.1128 0.0748 0.0526 0.0628 0.2436 0.0575 0.6584 0.0575 0.1217]	213
[0. 0. 0. 0. 1. 0. 0. 0. 0.]	[0.0481 0.1645 0.0827 0.0995 0.4106 0.077  0.0995 0.6025 0.1394]	214
[0. 0. 0. 0. 1. 0. 0. 0. 0.]	[0.0575 0.044  0.0396 0.0415 0.6002 0.055  0.3242 0.1357 0.4069]	215
[0. 0. 0. 0. 1. 0. 0. 0. 0.]	[0.0503 0.1767 0.0558 0.0575 0.539  0.1285 0.1656 0.4216 0.1931]	216
[0. 0. 0. 0. 0. 0. 1. 0. 0.]	[0.0737 0.0863 0.0496 0.3234 0.1023 0.2628 0.595  0.0726 0.0656]	217
[0. 0. 0. 0. 0. 0. 0. 0. 1.]	[0.1023 0.0518 0.0567 0.0716 0.0542 0.0737 0.0981 0.0685 0.9161]	218
[0. 0. 0. 0. 0. 0. 0. 1. 0.]	[0.061  0.0489 0.0863 0.0995 0.2134 0.0408 0.1656 0.6114 0.3495]	219
[0. 0. 0. 0. 0. 0. 0. 0. 1.]	[0.0368 0.0489 0.0592 0.0647 0.22   0.1394 0.7535 0.061  0.216 ]	220
[0. 0. 0. 0. 0. 0. 0. 0. 1.]	[0.0792 0.1023 0.0481 0.3416 0.0675 0.0467 0.2056 0.4654 0.4158]	221
[0. 0. 0. 0. 0. 0. 0. 1. 0.]	[0.0666 0.0675 0.0804 0.0748 0.1968 0.0781 0.1813 0.8783 0.1613]	222
[0. 0. 0. 0. 1. 0. 0. 0. 0.]	[0.0402 0.0675 0.061  0.0726 0.8397 0.0656 0.1348 0.0863 0.0748]	223
[0. 0. 0. 0. 0. 0. 1. 0. 0.]	[0.0666 0.0666 0.0647 0.0685 0.1097 0.151  0.8697 0.0726 0.0748]	224
[0. 0. 0. 0. 0. 0. 1. 0. 0.]	[0.0726 0.0666 0.0748 0.061  0.2323 0.0863 0.8872 0.0575 0.0792]	225
[0. 0. 0. 0. 1. 0. 0. 0. 0.]	[0.6021 0.0748 0.0685 0.1321 0.2422 0.0481 0.1277 0.0967 0.0534]	226
[0. 0. 0. 0. 0. 0. 0. 0. 1.]	[0.0839 0.0467 0.0489 0.0637 0.0526 0.0815 0.2147 0.0496 0.8333]	227
[0. 0. 0. 0. 1. 0. 0. 0. 1.]	[0.0503 0.0888 0.0685 0.0737 0.279  0.0526 0.8081 0.1603 0.1251]	228
[0. 0. 0. 0. 1. 1. 1. 0. 0.]	[0.046  0.0685 0.061  0.0901 0.1422 0.3849 0.5708 0.4422 0.1357]	229
[0. 0. 0. 0. 0. 0. 0. 1. 0.]	[0.3124 0.0748 0.0526 0.2351 0.061  0.0408 0.0792 0.4986 0.5455]	230
[0. 0. 0. 0. 0. 0. 0. 1. 0.]	[0.0863 0.0695 0.0792 0.85   0.055  0.0901 0.12   0.0827 0.2095]	231
[1. 0. 0. 0. 0. 0. 0. 0. 0.]	[0.0619 0.0619 0.077  0.848  0.0748 0.0737 0.0927 0.0995 0.2031]	232
[0. 0. 0. 0. 0. 0. 0. 0. 1.]	[0.0827 0.039  0.0542 0.0656 0.0927 0.0474 0.1037 0.0967 0.9161]	233
[0. 0. 0. 0. 1. 0. 0. 0. 0.]	[0.0434 0.1733 0.0647 0.1931 0.4373 0.0815 0.0888 0.4744 0.0888]	234
[0. 0. 0. 0. 0. 0. 0. 0. 1.]	[0.852  0.0685 0.0695 0.077  0.0628 0.077  0.0888 0.0558 0.151 ]	235
[0. 0. 0. 0. 0. 0. 1. 0. 0.]	[0.0695 0.0489 0.061  0.0967 0.1052 0.705  0.4007 0.2436 0.0748]	236
[1. 0. 0. 0. 0. 0. 0. 0. 0.]	[0.248  0.0901 0.0489 0.1052 0.1824 0.1551 0.2187 0.116  0.0914]	237
[0. 0. 0. 0. 0. 0. 0. 0. 1.]	[0.0726 0.0467 0.0481 0.055  0.0592 0.094  0.1755 0.0927 0.8723]	238
[0. 0. 0. 0. 1. 0. 0. 0. 0.]	[0.0474 0.046  0.0628 0.0496 0.8152 0.0567 0.1956 0.0851 0.1303]	239
[0. 0. 0. 0. 0. 0. 0. 0. 1.]	[0.0454 0.0396 0.0474 0.061  0.0601 0.0876 0.4287 0.0601 0.7866]	240
[0. 0. 0. 0. 0. 0. 0. 0. 1.]	[0.0981 0.0695 0.0351 0.153  0.0628 0.1144 0.3531 0.3451 0.4059]	241
[0. 0. 0. 0. 0. 0. 0. 0. 1.]	[0.0901 0.0503 0.0526 0.0637 0.0474 0.0839 0.2436 0.0967 0.8775]	242
[0. 0. 0. 0. 1. 0. 0. 0. 0.]	[0.0331 0.0716 0.0953 0.0542 0.7759 0.0628 0.2337 0.1366 0.1277]	243
[0. 0. 0. 0. 0. 0. 0. 1. 0.]	[0.1192 0.0542 0.055  0.0815 0.116  0.6826 0.3567 0.2173 0.0726]	244
[0. 1. 0. 0. 0. 0. 0. 0. 0.]	[0.1277 0.7066 0.0759 0.2451 0.2241 0.0953 0.0839 0.2295 0.1312]	245
[0. 0. 0. 0. 1. 0. 0. 0. 0.]	[0.8758 0.0827 0.077  0.0815 0.0839 0.0737 0.0914 0.1052 0.0716]	246
[0. 0. 0. 0. 1. 0. 0. 0. 0.]	[0.0474 0.0737 0.0496 0.1755 0.6007 0.046  0.152  0.0927 0.0914]	247
[0. 0. 0. 0. 0. 0. 0. 0. 1.]	[0.0901 0.0534 0.0496 0.0695 0.0447 0.0804 0.1871 0.0637 0.8697]	248
[0. 0. 0. 0. 0. 0. 0. 1. 0.]	[0.1755 0.2295 0.0927 0.2069 0.0995 0.044  0.1993 0.3748 0.1394]	249
[0. 0. 0. 0. 0. 0. 0. 0. 1.]	[0.0851 0.0666 0.0575 0.2991 0.0619 0.0781 0.2568 0.7461 0.2241]	250
[0. 0. 0. 0. 1. 0. 0. 0. 0.]	[0.0481 0.0434 0.0601 0.0373 0.7691 0.0474 0.179  0.0647 0.3007]	251
[0. 0. 0. 0. 0. 0. 0. 1. 0.]	[0.2241 0.0737 0.0656 0.2451 0.0583 0.0503 0.0967 0.7663 0.4506]	252
[0. 0. 0. 0. 0. 0. 0. 0. 1.]	[0.0567 0.0647 0.0526 0.0496 0.0815 0.0804 0.1394 0.0716 0.9137]	253
[0. 0. 0. 0. 1. 0. 0. 0. 0.]	[0.3854 0.0827 0.0827 0.1733 0.4106 0.0421 0.1023 0.0481 0.0888]	254
[0. 0. 0. 0. 0. 1. 0. 0. 0.]	[0.044  0.0526 0.0526 0.0748 0.3217 0.2268 0.4192 0.4116 0.0706]	255
[0. 0. 0. 0. 0. 0. 0. 0. 1.]	[0.3149 0.044  0.0467 0.0737 0.0685 0.0575 0.1217 0.0454 0.7017]	256
[0. 0. 0. 0. 1. 0. 0. 0. 0.]	[0.0526 0.0592 0.1082 0.0421 0.8418 0.0619 0.1944 0.0619 0.0726]	257
[0. 0. 0. 0. 0. 0. 0. 1. 0.]	[0.0518 0.0518 0.0592 0.0362 0.6817 0.0402 0.2744 0.151  0.2147]	258
[0. 0. 0. 0. 0. 0. 1. 0. 0.]	[0.1234 0.046  0.0373 0.1192 0.1023 0.4121 0.4664 0.1192 0.148 ]	259
[0. 0. 0. 0. 1. 0. 0. 0. 0.]	[0.044  0.0675 0.0628 0.1097 0.8615 0.0839 0.1037 0.1931 0.094 ]	260
[0. 0. 0. 0. 0. 0. 0. 0. 1.]	[0.0408 0.1259 0.0863 0.1067 0.5646 0.0518 0.0888 0.1993 0.4963]	261
[0. 0. 0. 1. 0. 0. 0. 0. 0.]	[0.1176 0.0967 0.0695 0.7994 0.0628 0.0804 0.1385 0.0534 0.1285]	262
[0. 0. 0. 0. 0. 1. 0. 0. 0.]	[0.0385 0.0408 0.0876 0.1956 0.2862 0.1037 0.3486 0.1112 0.3166]	263
[0. 0. 0. 0. 0. 0. 1. 0. 0.]	[0.0675 0.1321 0.1432 0.1561 0.2108 0.2674 0.5513 0.1259 0.0402]	264
[0. 0. 0. 0. 0. 0. 1. 0. 0.]	[0.1144 0.1067 0.094  0.116  0.1217 0.1097 0.8791 0.116  0.1023]	265
[0. 0. 0. 0. 0. 0. 0. 0. 1.]	[0.0827 0.0474 0.055  0.0619 0.0481 0.0759 0.1848 0.0647 0.8856]	266
[0. 0. 0. 0. 0. 0. 0. 0. 1.]	[0.0592 0.0737 0.0481 0.0876 0.1225 0.0368 0.3166 0.0981 0.6514]	267
[0. 0. 0. 0. 0. 1. 0. 0. 0.]	[0.0726 0.0675 0.0511 0.1592 0.0759 0.3817 0.6637 0.1144 0.0489]	268
[0. 0. 0. 0. 1. 0. 0. 0. 0.]	[0.0558 0.0656 0.0981 0.0685 0.8933 0.0558 0.0851 0.0675 0.0863]	269
[0. 0. 0. 0. 0. 0. 0. 0. 1.]	[0.0815 0.0454 0.055  0.0583 0.0628 0.0792 0.1112 0.0716 0.923 ]	270
[0. 0. 0. 0. 0. 0. 1. 0. 0.]	[0.0542 0.0592 0.0619 0.0567 0.3251 0.133  0.8344 0.0583 0.0685]	271
[0. 0. 0. 0. 0. 0. 0. 0. 1.]	[0.1634 0.0511 0.0601 0.0815 0.0685 0.0567 0.0995 0.0656 0.906 ]	272
[0. 0. 0. 1. 0. 0. 0. 0. 0.]	[0.0567 0.0839 0.0726 0.8856 0.0876 0.1128 0.0927 0.0647 0.0863]	273
[0. 0. 0. 0. 1. 0. 0. 0. 0.]	[0.0737 0.2108 0.0637 0.2147 0.434  0.0685 0.151  0.2878 0.0953]	274
[0. 0. 0. 0. 0. 0. 1. 0. 0.]	[0.0474 0.0503 0.0628 0.0647 0.2006 0.1836 0.7994 0.0637 0.0981]	275
[0. 0. 0. 0. 0. 0. 1. 0. 0.]	[0.0839 0.0511 0.0481 0.0953 0.1128 0.2553 0.7607 0.0695 0.1242]	276
[0. 0. 0. 0. 0. 0. 0. 0. 1.]	[0.0526 0.0503 0.0415 0.0726 0.0781 0.1859 0.3469 0.0601 0.6706]	277
[0. 0. 0. 0. 0. 0. 0. 0. 1.]	[0.0901 0.0647 0.0427 0.0995 0.0534 0.0675 0.1551 0.3504 0.7372]	278
[0. 0. 0. 0. 0. 0. 0. 1. 0.]	[0.0454 0.0396 0.0421 0.0357 0.4499 0.0341 0.4637 0.3684 0.1689]	279
[0. 0. 0. 0. 0. 0. 1. 0. 0.]	[0.0558 0.0518 0.0815 0.0675 0.1375 0.044  0.6496 0.2422 0.3702]	280
[0. 0. 0. 0. 0. 0. 0. 0. 1.]	[0.1217 0.0695 0.0575 0.0647 0.1303 0.0737 0.8597 0.1294 0.0863]	281
[0. 0. 0. 0. 0. 0. 0. 0. 1.]	[0.0839 0.0467 0.055  0.0656 0.077  0.2744 0.304  0.5665 0.2689]	282
[0. 0. 0. 0. 0. 0. 0. 0. 1.]	[0.0467 0.0421 0.0619 0.044  0.6689 0.0447 0.3603 0.1432 0.1678]	283
[0. 0. 0. 0. 0. 0. 0. 0. 1.]	[0.1242 0.0526 0.0511 0.0637 0.0481 0.0839 0.1432 0.0592 0.8888]	284
[0. 0. 0. 0. 1. 0. 0. 0. 0.]	[0.094  0.6918 0.0781 0.1471 0.3478 0.0695 0.1471 0.1678 0.0863]	285
[0. 0. 0. 0. 0. 0. 0. 0. 1.]	[0.1209 0.055  0.0489 0.0647 0.1268 0.3621 0.2147 0.4301 0.2018]	286
[0. 0. 1. 0. 0. 0. 0. 0. 0.]	[0.0748 0.0558 0.3933 0.0927 0.2108 0.0467 0.2379 0.3425 0.2674]	287
[0. 0. 0. 0. 0. 0. 0. 0. 1.]	[0.1052 0.0496 0.0518 0.0953 0.0542 0.0804 0.0927 0.0619 0.906 ]	288
[0. 0. 0. 0. 0. 0. 0. 0. 1.]	[0.0542 0.0421 0.0503 0.0511 0.1052 0.0396 0.2644 0.4783 0.6442]	289
[0. 0. 0. 0. 1. 0. 0. 1. 0.]	[0.044  0.0454 0.0421 0.0408 0.7663 0.0481 0.2814 0.1097 0.1176]	290
[0. 0. 0. 0. 1. 0. 0. 0. 0.]	[0.0454 0.0716 0.0726 0.1755 0.6645 0.0496 0.1348 0.0851 0.1082]	291
[0. 0. 0. 0. 1. 0. 0. 1. 0.]	[0.061  0.0474 0.0518 0.0675 0.1859 0.1192 0.3149 0.3166 0.1859]	292
[0. 0. 0. 0. 0. 0. 0. 0. 1.]	[0.0666 0.0995 0.055  0.1451 0.0851 0.0454 0.1009 0.2539 0.8278]	293
[0. 0. 0. 0. 1. 0. 0. 0. 0.]	[0.061  0.0434 0.077  0.0619 0.5533 0.0307 0.2902 0.1956 0.2465]	294
[0. 0. 0. 0. 1. 0. 1. 0. 0.]	[0.0583 0.0489 0.0518 0.0647 0.7122 0.0567 0.4263 0.0716 0.0685]	295
[0. 0. 0. 0. 0. 0. 0. 0. 1.]	[0.0876 0.0427 0.0534 0.0827 0.0575 0.0567 0.1624 0.1451 0.851 ]	296
[0. 0. 0. 0. 0. 0. 0. 0. 1.]	[0.1128 0.0408 0.0474 0.0647 0.0542 0.2323 0.2644 0.0503 0.7162]	297
[0. 0. 0. 0. 1. 0. 0. 0. 0.]	[0.0385 0.1023 0.0583 0.2351 0.6654 0.0601 0.1375 0.0967 0.077 ]	298
[0. 0. 0. 0. 1. 0. 0. 0. 0.]	[0.0656 0.0685 0.0804 0.0827 0.2379 0.0815 0.7564 0.1778 0.0647]	299
[0. 0. 0. 0. 1. 0. 0. 0. 0.]	[0.0503 0.0583 0.0995 0.0427 0.8187 0.0467 0.1366 0.1052 0.1209]	300
[0. 0. 0. 0. 0. 0. 0. 0. 1.]	[0.1339 0.0518 0.0534 0.0619 0.0503 0.0815 0.0927 0.0815 0.906 ]	301
[0. 0. 0. 0. 0. 0. 0. 0. 1.]	[0.1312 0.0408 0.0474 0.0706 0.0592 0.0967 0.2393 0.0737 0.7957]	302
[0. 0. 0. 0. 0. 0. 0. 0. 1.]	[0.1052 0.0656 0.0467 0.0781 0.046  0.0863 0.1225 0.1603 0.8568]	303
[0. 0. 0. 0. 0. 0. 0. 0. 1.]	[0.1144 0.0408 0.0402 0.0876 0.0558 0.077  0.1667 0.0583 0.8069]	304
[0. 0. 0. 0. 0. 0. 1. 0. 0.]	[0.0575 0.0496 0.0628 0.0526 0.32   0.0716 0.784  0.116  0.0781]	305
[0. 0. 0. 0. 0. 0. 1. 0. 0.]	[0.1848 0.1009 0.0995 0.148  0.116  0.0804 0.8449 0.1294 0.116 ]	306
[0. 0. 0. 0. 1. 0. 0. 1. 0.]	[0.0675 0.0518 0.0601 0.0637 0.3157 0.1009 0.3225 0.2282 0.1733]	307
[0. 0. 0. 0. 0. 0. 0. 0. 1.]	[0.1733 0.0534 0.0567 0.0792 0.0518 0.0675 0.0695 0.0628 0.8872]	308
[0. 0. 0. 0. 1. 0. 0. 0. 0.]	[0.0558 0.039  0.0447 0.0362 0.4026 0.055  0.2926 0.046  0.61  ]	309
[0. 0. 0. 0. 0. 0. 0. 0. 1.]	[0.1234 0.0467 0.0511 0.0706 0.0447 0.1375 0.4446 0.0792 0.6834]	310
[0. 0. 0. 0. 0. 0. 0. 0. 1.]	[0.1551 0.0685 0.0368 0.1441 0.0368 0.1613 0.1993 0.1251 0.539 ]	311
[0. 0. 0. 0. 1. 0. 0. 0. 0.]	[0.039  0.0619 0.0706 0.0619 0.8529 0.0706 0.1067 0.0967 0.1217]	312
[0. 0. 0. 0. 1. 0. 0. 0. 0.]	[0.0421 0.0542 0.0726 0.0341 0.7705 0.0496 0.272  0.0706 0.2583]	313
[0. 0. 0. 0. 0. 0. 1. 0. 0.]	[0.0675 0.061  0.061  0.0815 0.116  0.1993 0.8387 0.0666 0.0927]	314
[0. 0. 0. 0. 1. 0. 0. 0. 0.]	[0.039  0.0402 0.0447 0.039  0.6637 0.1009 0.2365 0.0481 0.4927]	315
[0. 0. 0. 0. 0. 1. 1. 0. 1.]	[0.0481 0.0489 0.0503 0.0666 0.0695 0.6663 0.6671 0.1067 0.1968]	316
